,Rank,Title_x,Worldwide Lifetime Gross,Domestic Lifetime Gross,Domestic %,Foreign Lifetime Gross,Foreign %,Year,Title_y,Budget,Genre
0,1,Avatar,"$2,923,710,708","$785,221,649",26.9%,"$2,138,489,059",73.1%,2009,Avatar,"$237,000,000",Action Adventure Fantasy Sci-Fi
1,2,Avengers: Endgame,"$2,799,439,100","$858,373,000",30.7%,"$1,941,066,100",69.3%,2019,Avengers: Endgame,"$356,000,000",Action Adventure Sci-Fi
2,3,Avatar: The Way of Water,"$2,320,250,281","$684,075,767",29.5%,"$1,636,174,514",70.5%,2022,Avatar: The Way of Water,,Action Adventure Fantasy Sci-Fi
3,4,Titanic,"$2,264,812,968","$674,354,882",29.8%,"$1,590,458,086",70.2%,1997,Titanic,"$200,000,000",Drama Romance
4,5,Star Wars: Episode VII - The Force Awakens,"$2,071,310,218","$936,662,225",45.2%,"$1,134,647,993",54.8%,2015,Star Wars: Episode VII - The Force Awakens,"$245,000,000",Action Adventure Sci-Fi
5,6,Avengers: Infinity War,"$2,052,415,039","$678,815,482",33.1%,"$1,373,599,557",66.9%,2018,Avengers: Infinity War,,Action Adventure Sci-Fi
6,7,Spider-Man: No Way Home,"$1,921,426,073","$814,866,759",42.4%,"$1,106,559,314",57.6%,2021,Spider-Man: No Way Home,,Action Adventure Fantasy Sci-Fi
7,8,Ne Zha 2,"$1,899,763,878","$20,858,156",1.1%,"$1,878,905,722",98.9%,2025,Ne Zha 2,,Action Adventure Animation Drama Fantasy
8,9,Inside Out 2,"$1,698,863,816","$652,980,194",38.4%,"$1,045,883,622",61.6%,2024,Inside Out 2,,Adventure Animation Comedy Drama Family Fantasy
9,10,Jurassic World,"$1,671,537,444","$653,406,625",39.1%,"$1,018,130,819",60.9%,2015,Jurassic World,"$150,000,000",Action Adventure Sci-Fi
10,11,The Lion King,"$1,662,020,819","$543,638,043",32.7%,"$1,118,382,776",67.3%,2019,The Lion King,"$260,000,000",Adventure Animation Drama Family Musical
11,12,The Avengers,"$1,520,538,536","$623,357,910",41%,"$897,180,626",59%,2012,The Avengers,"$220,000,000",Action Sci-Fi
12,13,Furious 7,"$1,515,342,457","$353,007,020",23.3%,"$1,162,335,437",76.7%,2015,Furious 7,"$190,000,000",Action Thriller
13,14,Top Gun: Maverick,"$1,495,696,292","$718,732,821",48%,"$776,963,471",52%,2022,Top Gun: Maverick,,Action Drama
14,15,Frozen II,"$1,453,683,476","$477,373,578",32.8%,"$976,309,898",67.2%,2019,Frozen II,"$150,000,000",Adventure Animation Comedy Drama Family Fantasy Musical
15,16,Barbie,"$1,447,038,421","$636,238,421",44%,"$810,800,000",56%,2023,Barbie,,Adventure Comedy Fantasy
16,17,Avengers: Age of Ultron,"$1,405,018,048","$459,005,868",32.7%,"$946,012,180",67.3%,2015,Avengers: Age of Ultron,"$250,000,000",Action Adventure Sci-Fi
17,18,The Super Mario Bros. Movie,"$1,360,847,665","$574,934,330",42.2%,"$785,913,335",57.8%,2023,The Super Mario Bros. Movie,,Adventure Animation Comedy Family Fantasy
18,19,Black Panther,"$1,349,926,083","$700,426,566",51.9%,"$649,499,517",48.1%,2018,Black Panther,,Action Adventure Sci-Fi
19,20,Harry Potter and the Deathly Hallows: Part 2,"$1,342,505,340","$381,447,587",28.4%,"$961,057,753",71.6%,2011,Harry Potter and the Deathly Hallows: Part 2,,Adventure Family Fantasy Mystery
20,21,Deadpool & Wolverine,"$1,338,073,645","$636,745,858",47.6%,"$701,327,787",52.4%,2024,Deadpool & Wolverine,,Action Adventure Comedy Sci-Fi
21,22,Star Wars: Episode VIII - The Last Jedi,"$1,334,407,706","$620,181,382",46.5%,"$714,226,324",53.5%,2017,Star Wars: Episode VIII - The Last Jedi,"$317,000,000",Action Adventure Fantasy Sci-Fi
22,23,Jurassic World: Fallen Kingdom,"$1,310,469,037","$417,719,760",31.9%,"$892,749,277",68.1%,2018,Jurassic World: Fallen Kingdom,"$170,000,000",Action Adventure Sci-Fi
23,24,Frozen,"$1,286,319,131","$400,953,009",31.2%,"$885,366,122",68.8%,2013,Frozen,"$150,000,000",Adventure Animation Comedy Family Fantasy Musical
24,25,Beauty and the Beast,"$1,266,115,964","$504,481,165",39.8%,"$761,634,799",60.2%,2017,Beauty and the Beast,"$160,000,000",Adventure Family Fantasy Musical Romance
25,26,Incredibles 2,"$1,243,225,667","$608,581,744",49%,"$634,643,923",51%,2018,Incredibles 2,,Action Adventure Animation Comedy Family Sci-Fi Thriller
26,27,The Fate of the Furious,"$1,236,009,236","$226,008,385",18.3%,"$1,010,000,851",81.7%,2017,The Fate of the Furious,"$250,000,000",Action Crime Thriller
27,28,Iron Man 3,"$1,215,577,205","$409,013,994",33.6%,"$806,563,211",66.4%,2013,Iron Man 3,"$200,000,000",Action Adventure Sci-Fi
28,29,Minions,"$1,159,457,503","$336,045,770",29%,"$823,411,733",71%,2015,Minions,"$74,000,000",Adventure Animation Comedy Crime Family Sci-Fi
29,30,Captain America: Civil War,"$1,155,046,416","$408,084,349",35.3%,"$746,962,067",64.7%,2016,Captain America: Civil War,"$250,000,000",Action Sci-Fi
30,31,Aquaman,"$1,152,028,393","$335,104,314",29.1%,"$816,924,079",70.9%,2018,Aquaman,,Action Adventure Fantasy Sci-Fi
31,32,The Lord of the Rings: The Return of the King,"$1,138,585,547","$381,878,219",33.5%,"$756,707,328",66.5%,2003,The Lord of the Rings: The Return of the King,"$94,000,000",Adventure Drama Fantasy
32,33,Spider-Man: Far from Home,"$1,132,723,226","$391,283,774",34.5%,"$741,439,452",65.5%,2019,Spider-Man: Far from Home,"$160,000,000",Action Adventure Comedy Fantasy Sci-Fi
33,34,Captain Marvel,"$1,131,416,446","$426,829,839",37.7%,"$704,586,607",62.3%,2019,Captain Marvel,"$160,000,000",Action Adventure Sci-Fi
34,35,Transformers: Dark of the Moon,"$1,123,794,079","$352,390,543",31.4%,"$771,403,536",68.6%,2011,Transformers: Dark of the Moon,"$195,000,000",Action Adventure Comedy Sci-Fi Thriller
35,36,The Dark Knight Rises,"$1,114,976,407","$448,149,584",40.2%,"$666,826,823",59.8%,2012,The Dark Knight Rises,"$250,000,000",Action Crime Drama Thriller
36,37,Skyfall,"$1,108,594,137","$304,360,277",27.4%,"$804,233,860",72.6%,2012,Skyfall,"$200,000,000",Action Adventure Thriller
37,38,Transformers: Age of Extinction,"$1,105,261,713","$245,439,076",22.2%,"$859,822,637",77.8%,2014,Transformers: Age of Extinction,"$210,000,000",Action Adventure Comedy Sci-Fi Thriller
38,39,Jurassic Park,"$1,104,379,926","$407,185,075",36.9%,"$697,194,851",63.1%,1993,Jurassic Park,"$63,000,000",Action Adventure Sci-Fi Thriller
39,40,Joker,"$1,078,958,629","$335,477,657",31.1%,"$743,480,972",68.9%,2019,Joker,"$55,000,000",Crime Drama Thriller
40,41,Star Wars: Episode IX - The Rise of Skywalker,"$1,077,022,372","$515,202,542",47.8%,"$561,819,830",52.2%,2019,Star Wars: Episode IX - The Rise of Skywalker,"$275,000,000",Action Adventure Fantasy Sci-Fi
41,42,Toy Story 4,"$1,073,841,394","$434,038,008",40.4%,"$639,803,386",59.6%,2019,Toy Story 4,"$200,000,000",Adventure Animation Comedy Family Fantasy
42,43,Toy Story 3,"$1,067,316,101","$415,004,880",38.9%,"$652,311,221",61.1%,2010,Toy Story 3,"$200,000,000",Adventure Animation Comedy Family Fantasy
43,44,Pirates of the Caribbean: Dead Man's Chest,"$1,066,179,747","$423,315,812",39.7%,"$642,863,935",60.3%,2006,Pirates of the Caribbean: Dead Man's Chest,"$225,000,000",Action Adventure Fantasy
44,45,Moana 2,"$1,059,242,164","$460,405,297",43.5%,"$598,836,867",56.5%,2024,Moana 2,,Adventure Animation Comedy Family Fantasy Musical
45,46,Rogue One: A Star Wars Story,"$1,058,684,742","$533,539,991",50.4%,"$525,144,751",49.6%,2016,Rogue One: A Star Wars Story,"$200,000,000",Action Adventure Sci-Fi
46,47,Aladdin,"$1,054,304,000","$355,559,216",33.7%,"$698,744,784",66.3%,2019,Aladdin,"$183,000,000",Adventure Comedy Family Fantasy Musical Romance
47,48,Pirates of the Caribbean: On Stranger Tides,"$1,046,721,266","$241,071,802",23%,"$805,649,464",77%,2011,Pirates of the Caribbean: On Stranger Tides,"$250,000,000",Action Adventure Fantasy
48,49,Star Wars: Episode I - The Phantom Menace,"$1,046,515,409","$487,576,624",46.6%,"$558,938,785",53.4%,1999,Star Wars: Episode I - The Phantom Menace,"$115,000,000",Action Adventure Fantasy Sci-Fi
49,50,Despicable Me 3,"$1,034,800,131","$264,624,300",25.6%,"$770,175,831",74.4%,2017,Despicable Me 3,"$80,000,000",Adventure Animation Comedy Crime Family Sci-Fi
50,51,Finding Dory,"$1,029,266,989","$486,295,561",47.2%,"$542,971,428",52.8%,2016,Finding Dory,,Adventure Animation Comedy Family Fantasy Mystery
51,52,Harry Potter and the Sorcerer's Stone,"$1,028,492,855","$318,886,962",31%,"$709,605,893",69%,2001,Harry Potter and the Sorcerer's Stone,"$125,000,000",Adventure Family Fantasy
52,53,Zootopia,"$1,025,521,689","$341,268,248",33.3%,"$684,253,441",66.7%,2016,Zootopia,,Action Adventure Animation Comedy Crime Family Mystery
53,54,Alice in Wonderland,"$1,025,468,216","$334,191,110",32.6%,"$691,277,106",67.4%,2010,Alice in Wonderland,"$200,000,000",Adventure Family Fantasy Mystery
54,55,The Hobbit: An Unexpected Journey,"$1,017,107,150","$303,030,651",29.8%,"$714,076,499",70.2%,2012,The Hobbit: An Unexpected Journey,,Adventure Fantasy
55,56,The Dark Knight,"$1,009,057,329","$534,987,076",53%,"$474,070,253",47%,2008,The Dark Knight,"$185,000,000",Action Crime Drama Thriller
56,57,Jurassic World: Dominion,"$1,001,978,080","$376,851,080",37.6%,"$625,127,000",62.4%,2022,Jurassic World: Dominion,,Action Adventure Sci-Fi Thriller
57,58,The Lion King,"$979,161,373","$424,979,720",43.4%,"$554,181,653",56.6%,1994,The Lion King,"$45,000,000",Adventure Animation Drama Family Musical
58,59,Oppenheimer,"$975,811,333","$330,078,895",33.8%,"$645,732,438",66.2%,2023,Oppenheimer,,Biography Drama History
59,60,Lilo & Stitch,"$975,163,443","$409,372,823",42%,"$565,790,620",58%,2025,Lilo & Stitch,,Action Adventure Comedy Drama Family Fantasy Sci-Fi
60,61,Despicable Me 2,"$970,766,005","$368,065,385",37.9%,"$602,700,620",62.1%,2013,Despicable Me 2,"$76,000,000",Adventure Animation Comedy Crime Family Sci-Fi
61,62,Despicable Me 4,"$969,597,394","$361,004,205",37.2%,"$608,593,189",62.8%,2024,Despicable Me 4,,Adventure Animation Comedy Crime Family Sci-Fi
62,63,The Jungle Book,"$967,724,775","$364,001,123",37.6%,"$603,723,652",62.4%,2016,The Jungle Book,"$175,000,000",Action Adventure Animation Drama Family Fantasy Musical
63,64,Jumanji: Welcome to the Jungle,"$962,544,585","$404,540,171",42%,"$558,004,414",58%,2017,Jumanji: Welcome to the Jungle,"$90,000,000",Action Adventure Comedy Fantasy
64,65,The Hobbit: The Battle of the Five Armies,"$962,253,946","$255,138,261",26.5%,"$707,115,685",73.5%,2014,The Hobbit: The Battle of the Five Armies,,Adventure Fantasy
65,66,Pirates of the Caribbean: At World's End,"$961,691,209","$309,420,425",32.2%,"$652,270,784",67.8%,2007,Pirates of the Caribbean: At World's End,"$300,000,000",Action Adventure Fantasy
66,67,Harry Potter and the Deathly Hallows: Part 1,"$960,858,478","$296,374,621",30.8%,"$664,483,857",69.2%,2010,Harry Potter and the Deathly Hallows: Part 1,,Adventure Family Fantasy Mystery
67,68,The Hobbit: The Desolation of Smaug,"$959,079,095","$258,387,334",26.9%,"$700,691,761",73.1%,2013,The Hobbit: The Desolation of Smaug,,Adventure Fantasy
68,69,Doctor Strange in the Multiverse of Madness,"$955,775,804","$411,331,607",43%,"$544,444,197",57%,2022,Doctor Strange in the Multiverse of Madness,,Action Adventure Fantasy Sci-Fi
69,70,A Minecraft Movie,"$955,149,195","$423,949,195",44.4%,"$531,200,000",55.6%,2025,A Minecraft Movie,,Action Adventure Comedy Family Fantasy
70,71,Harry Potter and the Order of the Phoenix,"$942,871,730","$292,382,727",31%,"$650,489,003",69%,2007,Harry Potter and the Order of the Phoenix,"$150,000,000",Action Adventure Family Fantasy Mystery
71,72,Finding Nemo,"$941,637,960","$380,843,261",40.4%,"$560,794,699",59.6%,2003,Finding Nemo,"$94,000,000",Adventure Animation Comedy Family
72,73,Harry Potter and the Half-Blood Prince,"$941,056,063","$302,334,374",32.1%,"$638,721,689",67.9%,2009,Harry Potter and the Half-Blood Prince,"$250,000,000",Action Adventure Family Fantasy Mystery
73,74,Minions: The Rise of Gru,"$940,482,695","$370,549,695",39.4%,"$569,933,000",60.6%,2022,Minions: The Rise of Gru,,Adventure Animation Comedy Crime Family Sci-Fi
74,75,The Lord of the Rings: The Two Towers,"$938,532,865","$345,518,923",36.8%,"$593,013,942",63.2%,2002,The Lord of the Rings: The Two Towers,"$94,000,000",Adventure Drama Fantasy
75,76,Shrek 2,"$932,530,034","$444,978,202",47.7%,"$487,551,832",52.3%,2004,Shrek 2,"$150,000,000",Adventure Animation Comedy Family Fantasy Romance
76,77,Bohemian Rhapsody,"$910,813,521","$216,668,042",23.8%,"$694,145,479",76.2%,2018,Bohemian Rhapsody,"$52,000,000",Biography Drama Music
77,78,Star Wars: Episode III - Revenge of the Sith,"$905,595,947","$414,378,291",45.8%,"$491,217,656",54.2%,2005,Star Wars: Episode III - Revenge of the Sith,"$113,000,000",Action Adventure Fantasy Sci-Fi
78,79,The Battle at Lake Changjin,"$902,548,476","$342,411",<0.1%,"$902,206,065",100%,2021,The Battle at Lake Changjin,,Action Drama History War
79,80,Harry Potter and the Goblet of Fire,"$897,468,207","$290,469,928",32.4%,"$606,998,279",67.6%,2005,Harry Potter and the Goblet of Fire,"$150,000,000",Adventure Family Fantasy Mystery
80,81,Spider-Man 3,"$891,697,618","$337,281,992",37.8%,"$554,415,626",62.2%,2007,Spider-Man 3,"$258,000,000",Action Adventure Sci-Fi
81,82,The Lord of the Rings: The Fellowship of the Ring,"$888,483,037","$319,372,078",36%,"$569,110,959",64%,2001,The Lord of the Rings: The Fellowship of the Ring,"$93,000,000",Adventure Drama Fantasy
82,83,Ice Age: Dawn of the Dinosaurs,"$886,686,817","$196,573,705",22.2%,"$690,113,112",77.8%,2009,Ice Age: Dawn of the Dinosaurs,"$90,000,000",Adventure Animation Comedy Family
83,84,Harry Potter and the Chamber of Secrets,"$882,767,796","$262,641,637",29.8%,"$620,126,159",70.2%,2002,Harry Potter and the Chamber of Secrets,"$100,000,000",Adventure Family Fantasy Mystery
84,85,Spider-Man: Homecoming,"$880,978,185","$334,952,829",38%,"$546,025,356",62%,2017,Spider-Man: Homecoming,"$175,000,000",Action Adventure Sci-Fi
85,86,Spectre,"$880,707,597","$200,074,609",22.7%,"$680,632,988",77.3%,2015,Spectre,"$245,000,000",Action Adventure Thriller
86,87,Ice Age: Continental Drift,"$877,244,782","$161,321,843",18.4%,"$715,922,939",81.6%,2012,Ice Age: Continental Drift,"$95,000,000",Adventure Animation Comedy Family
87,88,The Secret Life of Pets,"$875,698,161","$368,623,860",42.1%,"$507,074,301",57.9%,2016,The Secret Life of Pets,"$75,000,000",Adventure Animation Comedy Family
88,89,Batman v Superman: Dawn of Justice,"$874,362,803","$330,360,194",37.8%,"$544,002,609",62.2%,2016,Batman v Superman: Dawn of Justice,"$250,000,000",Action Adventure Sci-Fi
89,90,Wolf Warrior 2,"$870,325,439","$2,721,100",0.3%,"$867,604,339",99.7%,2017,Wolf Warrior 2,"$30,100,000",Action Adventure Drama Thriller War
90,91,The Hunger Games: Catching Fire,"$865,011,746","$424,668,047",49.1%,"$440,343,699",50.9%,2013,The Hunger Games: Catching Fire,"$130,000,000",Action Adventure Sci-Fi Thriller
91,92,Guardians of the Galaxy Vol. 2,"$863,756,903","$389,813,101",45.1%,"$473,943,802",54.9%,2017,Guardians of the Galaxy Vol. 2,"$200,000,000",Action Adventure Comedy Sci-Fi
92,93,Black Panther: Wakanda Forever,"$859,208,836","$453,829,060",52.8%,"$405,379,776",47.2%,2022,Black Panther: Wakanda Forever,,Action Adventure Drama Sci-Fi
93,94,Inside Out,"$859,076,254","$356,461,711",41.5%,"$502,614,543",58.5%,2015,Inside Out,"$175,000,000",Adventure Animation Comedy Drama Family Fantasy
94,95,Venom,"$856,085,161","$213,515,506",24.9%,"$642,569,655",75.1%,2018,Venom,"$100,000,000",Action Adventure Sci-Fi
95,96,Thor: Ragnarok,"$855,301,806","$315,058,289",36.8%,"$540,243,517",63.2%,2017,Thor: Ragnarok,"$180,000,000",Action Adventure Comedy Fantasy Sci-Fi
96,97,The Twilight Saga: Breaking Dawn - Part 2,"$848,593,948","$292,324,737",34.4%,"$556,269,211",65.6%,2012,The Twilight Saga: Breaking Dawn - Part 2,"$120,000,000",Adventure Drama Fantasy Romance
97,98,Guardians of the Galaxy Vol. 3,"$845,555,777","$358,995,815",42.5%,"$486,559,962",57.5%,2023,Guardians of the Galaxy Vol. 3,,Action Adventure Comedy Sci-Fi
98,99,Inception,"$839,381,898","$292,587,330",34.9%,"$546,794,568",65.1%,2010,Inception,"$160,000,000",Action Adventure Sci-Fi Thriller
99,100,Transformers: Revenge of the Fallen,"$836,304,167","$402,111,870",48.1%,"$434,192,297",51.9%,2009,Transformers: Revenge of the Fallen,"$200,000,000",Action Adventure Sci-Fi
100,101,Spider-Man,"$825,820,266","$407,774,549",49.4%,"$418,045,717",50.6%,2002,Spider-Man,"$139,000,000",Action Adventure Sci-Fi
101,102,Mission: Impossible - Fallout,"$824,171,374","$220,159,104",26.7%,"$604,012,270",73.3%,2018,Mission: Impossible - Fallout,"$178,000,000",Action Adventure Thriller
102,103,Wonder Woman,"$823,970,682","$412,845,172",50.1%,"$411,125,510",49.9%,2017,Wonder Woman,"$149,000,000",Action Adventure Fantasy Sci-Fi War
103,104,"Hi, Mom","$822,009,764",-,-,"$822,009,764",100%,2021,"Hi, Mom",,Comedy Drama Fantasy
104,105,Independence Day,"$817,400,891","$306,169,268",37.5%,"$511,231,623",62.5%,1996,Independence Day,"$75,000,000",Action Adventure Sci-Fi
105,106,Fantastic Beasts and Where to Find Them,"$816,037,575","$234,037,575",28.7%,"$582,000,000",71.3%,2016,Fantastic Beasts and Where to Find Them,"$180,000,000",Adventure Family Fantasy
106,107,Coco,"$814,641,172","$210,460,015",25.8%,"$604,181,157",74.2%,2017,Coco,,Adventure Animation Drama Family Fantasy Music Mystery
107,108,Harry Potter and the Prisoner of Azkaban,"$808,481,128","$250,105,651",30.9%,"$558,375,477",69.1%,2004,Harry Potter and the Prisoner of Azkaban,"$130,000,000",Adventure Family Fantasy Mystery
108,109,Shrek the Third,"$808,308,862","$322,719,944",39.9%,"$485,588,918",60.1%,2007,Shrek the Third,"$160,000,000",Adventure Animation Comedy Family Fantasy Romance
109,110,Jumanji: The Next Level,"$801,693,929","$320,314,960",40%,"$481,378,969",60%,2019,Jumanji: The Next Level,"$125,000,000",Action Adventure Comedy Fantasy
110,111,E.T. the Extra-Terrestrial,"$797,307,407","$439,454,989",55.1%,"$357,852,418",44.9%,1982,E.T. the Extra-Terrestrial,"$10,500,000",Adventure Family Sci-Fi
111,112,Pirates of the Caribbean: Dead Men Tell No Tales,"$795,922,298","$172,558,876",21.7%,"$623,363,422",78.3%,2017,Pirates of the Caribbean: Dead Men Tell No Tales,"$230,000,000",Action Adventure Fantasy
112,113,2012,"$791,217,826","$166,112,167",21%,"$625,105,659",79%,2009,2012,"$200,000,000",Action Adventure Sci-Fi
113,114,Fast & Furious 6,"$788,683,342","$238,679,850",30.3%,"$550,003,492",69.7%,2013,Fast & Furious 6,"$160,000,000",Action Thriller
114,115,Indiana Jones and the Kingdom of the Crystal Skull,"$786,636,033","$317,101,119",40.3%,"$469,534,914",59.7%,2008,Indiana Jones and the Kingdom of the Crystal Skull,"$185,000,000",Action Adventure
115,116,Deadpool 2,"$785,896,632","$324,591,735",41.3%,"$461,304,897",58.7%,2018,Deadpool 2,"$110,000,000",Action Adventure Comedy Sci-Fi
116,117,Spider-Man 2,"$784,561,571","$374,337,514",47.7%,"$410,224,057",52.3%,2004,Spider-Man 2,"$200,000,000",Action Adventure Sci-Fi
117,118,Deadpool,"$782,837,347","$363,070,709",46.4%,"$419,766,638",53.6%,2016,Deadpool,"$58,000,000",Action Comedy Sci-Fi
118,119,Star Wars: Episode IV - A New Hope,"$775,398,507","$460,998,507",59.4%,"$314,400,000",40.6%,1977,Star Wars: Episode IV - A New Hope,"$11,000,000",Action Adventure Fantasy Sci-Fi
119,120,No Time to Die,"$774,153,007","$160,891,007",20.8%,"$613,262,000",79.2%,2021,No Time to Die,,Action Adventure Thriller
120,121,Guardians of the Galaxy,"$773,350,376","$333,718,600",43.2%,"$439,631,776",56.8%,2014,Guardians of the Galaxy,"$170,000,000",Action Adventure Comedy Sci-Fi
121,122,The Batman,"$772,319,315","$369,345,583",47.8%,"$402,973,732",52.2%,2022,The Batman,,Action Crime Drama Mystery Thriller
122,123,Thor: Love and Thunder,"$760,928,081","$343,256,830",45.1%,"$417,671,251",54.9%,2022,Thor: Love and Thunder,,Action Adventure Comedy Romance Sci-Fi
123,124,Fast & Furious Presents: Hobbs & Shaw,"$760,732,926","$173,956,935",22.9%,"$586,775,991",77.1%,2019,Fast & Furious Presents: Hobbs & Shaw,"$200,000,000",Action Adventure Thriller
124,125,The Da Vinci Code,"$760,200,455","$217,536,138",28.6%,"$542,664,317",71.4%,2006,The Da Vinci Code,"$125,000,000",Mystery Thriller
125,126,Maleficent,"$759,853,685","$241,410,378",31.8%,"$518,443,307",68.2%,2014,Maleficent,"$180,000,000",Action Adventure Drama Family Fantasy Romance
126,127,The Hunger Games: Mockingjay - Part 1,"$759,159,711","$337,135,885",44.4%,"$422,023,826",55.6%,2014,The Hunger Games: Mockingjay - Part 1,"$125,000,000",Action Adventure Sci-Fi Thriller
127,128,The Amazing Spider-Man,"$758,725,893","$262,782,352",34.6%,"$495,943,541",65.4%,2012,The Amazing Spider-Man,"$230,000,000",Action Sci-Fi
128,129,Interstellar,"$758,690,230","$203,227,580",26.8%,"$555,462,650",73.2%,2014,Interstellar,"$165,000,000",Adventure Drama Sci-Fi
129,130,Wicked,"$756,224,162","$473,231,120",62.6%,"$282,993,042",37.4%,2024,Wicked,,Fantasy Musical Romance
130,131,Shrek Forever After,"$752,600,867","$238,736,787",31.7%,"$513,864,080",68.3%,2010,Shrek Forever After,"$165,000,000",Adventure Animation Comedy Family Fantasy Romance
131,132,Suicide Squad,"$749,200,054","$325,100,054",43.4%,"$424,100,000",56.6%,2016,Suicide Squad,"$175,000,000",Action Adventure Fantasy Sci-Fi
132,133,Madagascar 3: Europe's Most Wanted,"$746,921,274","$216,391,482",29%,"$530,529,792",71%,2012,Madagascar 3: Europe's Most Wanted,"$145,000,000",Adventure Animation Comedy Family
133,134,X-Men: Days of Future Past,"$746,045,700","$233,921,534",31.4%,"$512,124,166",68.6%,2014,X-Men: Days of Future Past,"$200,000,000",Action Adventure Sci-Fi Thriller
134,135,"The Chronicles of Narnia: The Lion, the Witch and the Wardrobe","$745,013,115","$291,710,957",39.2%,"$453,302,158",60.8%,2005,"The Chronicles of Narnia: The Lion, the Witch and the Wardrobe","$180,000,000",Adventure Family Fantasy
135,136,Monsters University,"$743,559,645","$268,492,764",36.1%,"$475,066,881",63.9%,2013,Monsters University,,Adventure Animation Comedy Family Fantasy
136,137,The Matrix Reloaded,"$741,847,937","$281,576,461",38%,"$460,271,476",62%,2003,The Matrix Reloaded,"$150,000,000",Action Sci-Fi
137,138,Up,"$735,103,954","$293,004,164",39.9%,"$442,099,790",60.1%,2009,Up,"$175,000,000",Adventure Animation Comedy Drama Family
138,139,F9: The Fast Saga,"$726,229,501","$173,005,945",23.8%,"$553,223,556",76.2%,2021,F9: The Fast Saga,,Action Crime Thriller
139,140,Ne Zha,"$726,225,471","$3,695,533",0.5%,"$722,529,938",99.5%,2019,Ne Zha,,Action Adventure Animation Fantasy Thriller
140,141,Gravity,"$723,753,370","$274,092,705",37.9%,"$449,660,665",62.1%,2013,Gravity,"$100,000,000",Drama Sci-Fi Thriller
141,142,Mufasa: The Lion King,"$722,631,756","$254,567,693",35.2%,"$468,064,063",64.8%,2024,Mufasa: The Lion King,,Adventure Animation Drama Family Musical
142,143,The Amazing Spider-Man 2,"$716,934,779","$203,605,622",28.4%,"$513,329,157",71.6%,2014,The Amazing Spider-Man 2,,Action Adventure Sci-Fi
143,144,Dune: Part Two,"$714,844,358","$282,144,358",39.5%,"$432,700,000",60.5%,2024,Dune: Part Two,,Action Adventure Drama Sci-Fi
144,145,Captain America: The Winter Soldier,"$714,421,503","$259,766,572",36.4%,"$454,654,931",63.6%,2014,Captain America: The Winter Soldier,"$170,000,000",Action Adventure Sci-Fi Thriller
145,146,The Twilight Saga: Breaking Dawn - Part 1,"$712,205,856","$281,287,133",39.5%,"$430,918,723",60.5%,2011,The Twilight Saga: Breaking Dawn - Part 1,"$110,000,000",Adventure Drama Fantasy Romance Thriller
146,147,The Twilight Saga: New Moon,"$711,048,123","$297,816,253",41.9%,"$413,231,870",58.1%,2009,The Twilight Saga: New Moon,"$50,000,000",Adventure Drama Fantasy Romance
147,148,Mission: Impossible - Rogue Nation,"$710,916,403","$195,042,377",27.4%,"$515,874,026",72.6%,2015,Mission: Impossible - Rogue Nation,"$150,000,000",Action Adventure Thriller
148,149,Dawn of the Planet of the Apes,"$710,644,566","$208,545,589",29.4%,"$502,098,977",70.6%,2014,Dawn of the Planet of the Apes,"$170,000,000",Action Adventure Drama Sci-Fi Thriller
149,150,Transformers,"$709,709,780","$319,246,193",45%,"$390,463,587",55%,2007,Transformers,"$150,000,000",Action Adventure Sci-Fi
150,151,Mamma Mia!,"$706,788,538","$144,330,569",20.4%,"$562,457,969",79.6%,2008,Mamma Mia!,"$52,000,000",Comedy Musical Romance
151,152,Fast X,"$704,875,015","$146,126,015",20.7%,"$558,749,000",79.3%,2023,Fast X,,Action Adventure Crime Mystery Thriller
152,153,It,"$704,242,888","$328,874,981",46.7%,"$375,367,907",53.3%,2017,It,"$35,000,000",Horror
153,154,The Wandering Earth,"$699,992,512","$5,971,413",0.8%,"$694,021,099",99.2%,2019,The Wandering Earth,,Action Adventure Sci-Fi Thriller
154,155,The Twilight Saga: Eclipse,"$698,513,085","$300,531,751",43%,"$397,981,334",57%,2010,The Twilight Saga: Eclipse,"$68,000,000",Action Adventure Drama Fantasy Mystery Romance Thriller
155,156,The Hunger Games,"$695,220,619","$408,010,692",58.7%,"$287,209,927",41.3%,2012,The Hunger Games,"$78,000,000",Action Adventure Sci-Fi Thriller
156,157,Mission: Impossible - Ghost Protocol,"$694,713,380","$209,397,903",30.1%,"$485,315,477",69.9%,2011,Mission: Impossible - Ghost Protocol,"$145,000,000",Action Adventure Thriller
157,158,Spider-Man: Across the Spider-Verse,"$690,824,738","$381,593,754",55.2%,"$309,230,984",44.8%,2023,Spider-Man: Across the Spider-Verse,,Action Adventure Animation Family Fantasy Sci-Fi
158,159,Detective Chinatown 3,"$686,257,563",-,-,"$686,257,563",100%,2021,Detective Chinatown 3,,Action Adventure Comedy Mystery
159,160,Forrest Gump,"$678,226,465","$330,455,270",48.7%,"$347,771,195",51.3%,1994,Forrest Gump,"$55,000,000",Drama Romance
160,161,Doctor Strange,"$677,796,833","$232,641,920",34.3%,"$445,154,913",65.7%,2016,Doctor Strange,"$165,000,000",Action Adventure Fantasy Sci-Fi
161,162,The Sixth Sense,"$672,806,432","$293,506,292",43.6%,"$379,300,140",56.4%,1999,The Sixth Sense,"$40,000,000",Drama Mystery Thriller
162,163,Full River Red,"$670,491,959",-,-,"$670,491,959",100%,2023,Full River Red,,Comedy Drama History Mystery
163,164,Man of Steel,"$670,145,518","$291,045,518",43.4%,"$379,100,000",56.6%,2013,Man of Steel,"$225,000,000",Action Adventure Sci-Fi
164,165,Ice Age 2: The Meltdown,"$667,094,506","$195,330,621",29.3%,"$471,763,885",70.7%,2006,Ice Age 2: The Meltdown,"$80,000,000",Adventure Animation Comedy Family
165,166,Kung Fu Panda 2,"$665,692,281","$165,249,063",24.8%,"$500,443,218",75.2%,2011,Kung Fu Panda 2,"$150,000,000",Action Adventure Animation Comedy Drama Family Fantasy Thriller
166,167,The Hunger Games: Mockingjay - Part 2,"$661,456,867","$281,723,902",42.6%,"$379,732,965",57.4%,2015,The Hunger Games: Mockingjay - Part 2,"$160,000,000",Action Adventure Sci-Fi Thriller
167,168,Justice League,"$661,326,987","$229,024,295",34.6%,"$432,302,692",65.4%,2017,Justice League,,Action Adventure Fantasy Sci-Fi
168,169,Big Hero 6,"$657,870,525","$222,527,828",33.8%,"$435,342,697",66.2%,2014,Big Hero 6,"$165,000,000",Action Adventure Animation Comedy Crime Family Sci-Fi
169,170,Fantastic Beasts: The Crimes of Grindelwald,"$655,755,901","$159,555,901",24.3%,"$496,200,000",75.7%,2018,Fantastic Beasts: The Crimes of Grindelwald,"$200,000,000",Adventure Family Fantasy
170,171,Pirates of the Caribbean: The Curse of the Black Pearl,"$654,264,546","$305,413,918",46.7%,"$348,850,628",53.3%,2003,Pirates of the Caribbean: The Curse of the Black Pearl,"$140,000,000",Action Adventure Fantasy
171,172,Men in Black³,"$654,213,485","$179,020,854",27.4%,"$475,192,631",72.6%,2012,Men in Black³,"$225,000,000",Action Adventure Comedy Sci-Fi
172,173,Star Wars: Episode II - Attack of the Clones,"$653,780,724","$310,676,740",47.5%,"$343,103,984",52.5%,2002,Star Wars: Episode II - Attack of the Clones,"$115,000,000",Action Adventure Fantasy Sci-Fi
173,174,Thor: The Dark World,"$644,783,140","$206,362,140",32%,"$438,421,000",68%,2013,Thor: The Dark World,"$170,000,000",Action Adventure Fantasy Sci-Fi
174,175,Moana,"$643,332,467","$248,757,044",38.7%,"$394,575,423",61.3%,2016,Moana,,Adventure Animation Comedy Family Fantasy Musical
175,176,Wonka,"$634,502,312","$218,402,312",34.4%,"$416,100,000",65.6%,2023,Wonka,,Adventure Comedy Family Fantasy Musical
176,177,Sing,"$634,338,409","$270,578,425",42.7%,"$363,759,984",57.3%,2016,Sing,"$75,000,000",Animation Comedy Family Musical
177,178,Kung Fu Panda,"$632,384,787","$216,064,546",34.2%,"$416,320,241",65.8%,2008,Kung Fu Panda,"$130,000,000",Action Adventure Animation Comedy Family Fantasy
178,179,The Incredibles,"$631,688,498","$261,441,092",41.4%,"$370,247,406",58.6%,2004,The Incredibles,"$92,000,000",Action Adventure Animation Family
179,180,The Martian,"$630,621,406","$228,433,663",36.2%,"$402,187,743",63.8%,2015,The Martian,"$108,000,000",Adventure Drama Sci-Fi
180,181,Hancock,"$629,443,428","$227,946,274",36.2%,"$401,497,154",63.8%,2008,Hancock,"$150,000,000",Action Comedy Drama Fantasy
181,182,Water Gate Bridge,"$626,571,697","$117,294",<0.1%,"$626,454,403",100%,2022,Water Gate Bridge,,Action Drama History War
182,183,Fast Five,"$626,140,012","$209,837,675",33.5%,"$416,302,337",66.5%,2011,Fast Five,"$125,000,000",Action Crime Thriller
183,184,Iron Man 2,"$623,933,331","$312,433,331",50.1%,"$311,500,000",49.9%,2010,Iron Man 2,"$200,000,000",Action Sci-Fi
184,185,Ratatouille,"$623,730,087","$206,445,654",33.1%,"$417,284,433",66.9%,2007,Ratatouille,"$150,000,000",Adventure Animation Comedy Family Fantasy
185,186,Ant-Man and the Wasp,"$622,674,139","$216,648,740",34.8%,"$406,025,399",65.2%,2018,Ant-Man and the Wasp,,Action Adventure Comedy Sci-Fi
186,187,How to Train Your Dragon 2,"$621,537,519","$177,002,924",28.5%,"$444,534,595",71.5%,2014,How to Train Your Dragon 2,"$145,000,000",Action Adventure Animation Comedy Family Fantasy
187,188,Logan,"$619,180,476","$226,277,068",36.5%,"$392,903,408",63.5%,2017,Logan,"$97,000,000",Action Drama Sci-Fi Thriller
188,189,The Lost World: Jurassic Park,"$618,638,999","$229,086,679",37%,"$389,552,320",63%,1997,The Lost World: Jurassic Park,"$73,000,000",Action Adventure Sci-Fi
189,190,Casino Royale,"$616,585,752","$167,445,960",27.2%,"$449,139,792",72.8%,2006,Casino Royale,"$150,000,000",Action Adventure Thriller
190,191,The Wandering Earth II,"$615,023,132","$5,023,132",0.8%,"$610,000,000",99.2%,2023,The Wandering Earth II,,Action Adventure Drama Sci-Fi
191,192,The Passion of the Christ,"$610,063,438","$370,782,930",60.8%,"$239,280,508",39.2%,2004,The Passion of the Christ,"$30,000,000",Drama
192,193,Life of Pi,"$609,016,565","$124,987,023",20.5%,"$484,029,542",79.5%,2012,Life of Pi,"$120,000,000",Adventure Drama Fantasy
193,194,Ready Player One,"$607,874,422","$137,715,350",22.7%,"$470,159,072",77.3%,2018,Ready Player One,"$175,000,000",Action Adventure Sci-Fi
194,195,Transformers: The Last Knight,"$605,425,157","$130,168,683",21.5%,"$475,256,474",78.5%,2017,Transformers: The Last Knight,"$217,000,000",Action Adventure Comedy Sci-Fi Thriller
195,196,Madagascar: Escape 2 Africa,"$603,900,354","$180,010,950",29.8%,"$423,889,404",70.2%,2008,Madagascar: Escape 2 Africa,"$150,000,000",Adventure Animation Comedy Family
196,197,War of the Worlds,"$603,873,504","$234,280,354",38.8%,"$369,593,150",61.2%,2005,War of the Worlds,"$132,000,000",Action Adventure Sci-Fi
197,198,Tangled,"$591,806,017","$200,821,936",33.9%,"$390,984,081",66.1%,2010,Tangled,"$260,000,000",Adventure Animation Comedy Family Fantasy Musical Romance
198,199,Quantum of Solace,"$589,593,688","$168,368,427",28.6%,"$421,225,261",71.4%,2008,Quantum of Solace,"$200,000,000",Action Adventure Mystery Thriller
199,200,Men in Black,"$589,390,539","$250,690,539",42.5%,"$338,700,000",57.5%,1997,Men in Black,"$90,000,000",Action Adventure Comedy Sci-Fi
200,201,The Croods,"$587,266,745","$187,168,425",31.9%,"$400,098,320",68.1%,2013,The Croods,"$135,000,000",Adventure Animation Comedy Family Fantasy
201,202,The Hangover Part II,"$586,764,305","$254,464,305",43.4%,"$332,300,000",56.6%,2011,The Hangover Part II,"$80,000,000",Comedy
202,203,Iron Man,"$585,796,247","$319,034,126",54.5%,"$266,762,121",45.5%,2008,Iron Man,"$140,000,000",Action Adventure Sci-Fi
203,204,I Am Legend,"$585,410,052","$256,393,010",43.8%,"$329,017,042",56.2%,2007,I Am Legend,"$150,000,000",Drama Horror Sci-Fi Thriller
204,205,"Monsters, Inc.","$579,771,043","$290,642,256",50.1%,"$289,128,787",49.9%,2001,"Monsters, Inc.","$115,000,000",Adventure Animation Comedy Family Fantasy
205,206,Operation Red Sea,"$579,330,426","$1,543,547",0.3%,"$577,786,879",99.7%,2018,Operation Red Sea,,Action Drama Thriller War
206,207,Mission: Impossible - The Final Reckoning,"$576,506,176","$191,506,176",33.2%,"$385,000,000",66.8%,2025,Mission: Impossible - The Final Reckoning,,Action Adventure Thriller
207,208,Night at the Museum,"$574,482,479","$250,863,268",43.7%,"$323,619,211",56.3%,2006,Night at the Museum,,Adventure Comedy Family Fantasy
208,209,Godzilla x Kong: The New Empire,"$572,050,016","$196,350,016",34.3%,"$375,700,000",65.7%,2024,Godzilla x Kong: The New Empire,,Action Adventure Fantasy Sci-Fi Thriller
209,210,Mission: Impossible - Dead Reckoning Part One,"$571,125,435","$172,640,980",30.2%,"$398,484,455",69.8%,2023,Mission: Impossible - Dead Reckoning Part One,"$291,000,000",Action Adventure Thriller
210,211,Fifty Shades of Grey,"$569,651,467","$166,167,230",29.2%,"$403,484,237",70.8%,2015,Fifty Shades of Grey,"$40,000,000",Drama Romance Thriller
211,212,The Little Mermaid,"$569,626,289","$298,172,056",52.4%,"$271,454,233",47.6%,2023,The Little Mermaid,,Adventure Family Fantasy Musical Romance
212,213,Kong: Skull Island,"$568,652,812","$168,052,812",29.6%,"$400,600,000",70.4%,2017,Kong: Skull Island,"$185,000,000",Action Adventure Fantasy Sci-Fi
213,214,The Smurfs,"$563,892,376","$142,614,158",25.3%,"$421,278,218",74.7%,2011,The Smurfs,"$110,000,000",Adventure Animation Comedy Family Fantasy
214,215,Cars 2,"$559,853,036","$191,452,396",34.2%,"$368,400,640",65.8%,2011,Cars 2,"$200,000,000",Adventure Animation Comedy Crime Family Sci-Fi Sport
215,216,King Kong,"$556,906,378","$218,080,025",39.2%,"$338,826,353",60.8%,2005,King Kong,"$207,000,000",Action Adventure Romance
216,217,Puss in Boots,"$554,987,477","$149,260,504",26.9%,"$405,726,973",73.1%,2011,Puss in Boots,"$130,000,000",Action Adventure Animation Comedy Family Fantasy
217,218,The Mermaid,"$553,810,228","$3,232,685",0.6%,"$550,577,543",99.4%,2016,The Mermaid,,Comedy Drama Fantasy Romance
218,219,Armageddon,"$553,712,773","$201,578,182",36.4%,"$352,134,591",63.6%,1998,Armageddon,"$140,000,000",Action Adventure Sci-Fi Thriller
219,220,The Day After Tomorrow,"$552,639,571","$186,740,799",33.8%,"$365,898,772",66.2%,2004,The Day After Tomorrow,"$125,000,000",Action Adventure Sci-Fi Thriller
220,221,Star Wars: Episode V - The Empire Strikes Back,"$550,016,086","$292,753,960",53.2%,"$257,262,126",46.8%,1980,Star Wars: Episode V - The Empire Strikes Back,"$18,000,000",Action Adventure Fantasy Sci-Fi
221,222,Ted,"$549,368,315","$218,815,487",39.8%,"$330,552,828",60.2%,2012,Ted,"$50,000,000",Comedy
222,223,Kung Fu Panda 4,"$547,689,492","$193,590,620",35.4%,"$354,098,872",64.6%,2024,Kung Fu Panda 4,,Action Adventure Animation Comedy Family Fantasy Thriller
223,224,American Sniper,"$547,659,020","$350,159,020",63.9%,"$197,500,000",36.1%,2014,American Sniper,"$58,800,000",Action Biography Drama War
224,225,Mission: Impossible II,"$546,388,108","$215,409,889",39.4%,"$330,978,219",60.6%,2000,Mission: Impossible II,"$125,000,000",Action Adventure Thriller
225,226,Detective Chinatown 2,"$544,185,156","$1,983,984",0.4%,"$542,201,172",99.6%,2018,Detective Chinatown 2,,Action Comedy Mystery
226,227,Despicable Me,"$544,174,973","$251,683,815",46.2%,"$292,491,158",53.8%,2010,Despicable Me,"$69,000,000",Adventure Animation Comedy Crime Family Sci-Fi
227,228,X-Men: Apocalypse,"$543,934,105","$155,442,489",28.6%,"$388,491,616",71.4%,2016,X-Men: Apocalypse,"$178,000,000",Action Adventure Sci-Fi
228,229,Sherlock Holmes: A Game of Shadows,"$543,848,418","$186,848,418",34.4%,"$357,000,000",65.6%,2011,Sherlock Holmes: A Game of Shadows,,Action Adventure Mystery
229,230,Cinderella,"$542,358,331","$201,151,353",37.1%,"$341,206,978",62.9%,2015,Cinderella,"$95,000,000",Adventure Drama Family Fantasy Romance
230,231,Madagascar,"$542,064,525","$193,595,521",35.7%,"$348,469,004",64.3%,2005,Madagascar,,Adventure Animation Comedy Family
231,232,Hotel Transylvania 3: Summer Vacation,"$541,504,608","$167,510,016",30.9%,"$373,994,592",69.1%,2018,Hotel Transylvania 3: Summer Vacation,"$80,000,000",Adventure Animation Comedy Family Fantasy
232,233,World War Z,"$540,455,876","$202,807,711",37.5%,"$337,648,165",62.5%,2013,World War Z,"$190,000,000",Action Adventure Horror Sci-Fi
233,234,How to Train Your Dragon: The Hidden World,"$539,987,993","$160,945,505",29.8%,"$379,042,488",70.2%,2019,How to Train Your Dragon: The Hidden World,"$129,000,000",Action Adventure Animation Comedy Drama Family Fantasy
234,235,The Grinch,"$539,294,964","$272,504,456",50.5%,"$266,790,508",49.5%,2018,The Grinch,"$75,000,000",Animation Comedy Family Fantasy
235,236,Brave,"$538,983,207","$237,283,207",44%,"$301,700,000",56%,2012,Brave,"$185,000,000",Action Adventure Animation Comedy Drama Family Fantasy Mystery
236,237,The Simpsons Movie,"$536,414,293","$183,135,014",34.1%,"$353,279,279",65.9%,2007,The Simpsons Movie,"$75,000,000",Adventure Animation Comedy
237,238,Dunkirk,"$533,696,799","$189,740,665",35.6%,"$343,956,134",64.4%,2017,Dunkirk,"$100,000,000",Action Drama History Thriller War
238,239,The Revenant,"$532,950,503","$183,637,894",34.5%,"$349,312,609",65.5%,2015,The Revenant,"$135,000,000",Adventure Drama Western
239,240,No More Bets,"$532,600,264",-,-,"$532,600,264",100%,2023,No More Bets,,Crime Drama
240,241,The Meg,"$529,338,515","$145,522,784",27.5%,"$383,815,731",72.5%,2018,The Meg,"$130,000,000",Action Horror Sci-Fi Thriller
241,242,Ralph Breaks the Internet,"$529,323,962","$201,091,711",38%,"$328,232,251",62%,2018,Ralph Breaks the Internet,"$175,000,000",Adventure Animation Comedy Family Fantasy Sci-Fi Sport
242,243,The Boss Baby,"$527,965,936","$175,003,033",33.2%,"$352,962,903",66.8%,2017,The Boss Baby,,Adventure Animation Comedy Family Fantasy
243,244,WALL·E,"$527,403,656","$223,808,164",42.4%,"$303,595,492",57.6%,2008,WALL·E,"$180,000,000",Adventure Animation Family Sci-Fi
244,245,Godzilla,"$524,978,362","$200,676,069",38.2%,"$324,302,293",61.8%,2014,Godzilla,"$160,000,000",Action Adventure Sci-Fi Thriller
245,246,Sherlock Holmes,"$524,028,679","$209,028,679",39.9%,"$315,000,000",60.1%,2009,Sherlock Holmes,"$90,000,000",Action Adventure Mystery
246,247,Meet the Fockers,"$522,657,936","$279,261,160",53.4%,"$243,396,776",46.6%,2004,Meet the Fockers,"$80,000,000",Comedy Romance
247,248,Kung Fu Panda 3,"$521,170,825","$143,528,619",27.5%,"$377,642,206",72.5%,2016,Kung Fu Panda 3,"$145,000,000",Action Adventure Animation Comedy Family Fantasy
248,249,How to Train Your Dragon,"$520,910,360","$225,994,360",43.4%,"$294,916,000",56.6%,2025,How to Train Your Dragon,,Action Adventure Comedy Drama Family Fantasy Sci-Fi
249,250,Ant-Man,"$519,311,965","$180,202,163",34.7%,"$339,109,802",65.3%,2015,Ant-Man,"$130,000,000",Action Comedy Sci-Fi
250,251,Terminator 2: Judgment Day,"$517,778,573","$205,881,154",39.8%,"$311,897,419",60.2%,1991,Terminator 2: Judgment Day,"$102,000,000",Action Adventure Sci-Fi
251,252,La La Land,"$509,183,536","$151,101,803",29.7%,"$358,081,733",70.3%,2016,La La Land,"$30,000,000",Comedy Drama Music Musical Romance
252,253,Venom: Let There Be Carnage,"$506,813,864","$213,550,366",42.1%,"$293,263,498",57.9%,2021,Venom: Let There Be Carnage,,Action Sci-Fi Thriller
253,254,Ghost,"$505,703,557","$217,631,306",43%,"$288,072,251",57%,1990,Ghost,"$22,000,000",Drama Fantasy Romance Thriller
254,255,Aladdin,"$504,050,219","$217,350,219",43.1%,"$286,700,000",56.9%,1992,Aladdin,"$28,000,000",Adventure Animation Comedy Family Fantasy Musical Romance
255,256,Rio 2,"$498,781,117","$131,538,435",26.4%,"$367,242,682",73.6%,2014,Rio 2,"$103,000,000",Adventure Animation Comedy Family Music Musical Romance
256,257,Troy,"$497,409,852","$133,378,256",26.8%,"$364,031,596",73.2%,2004,Troy,"$175,000,000",Action Adventure Drama
257,258,Toy Story 2,"$497,375,381","$245,852,179",49.4%,"$251,523,202",50.6%,1999,Toy Story 2,"$90,000,000",Adventure Animation Comedy Family Fantasy
258,259,Elemental,"$496,444,308","$154,426,697",31.1%,"$342,017,611",68.9%,2023,Elemental,,Adventure Animation Comedy Family Fantasy Romance
259,260,How to Train Your Dragon,"$494,879,860","$217,581,231",44%,"$277,298,629",56%,2010,How to Train Your Dragon,"$165,000,000",Action Adventure Animation Family Fantasy
260,261,Twister,"$494,580,615","$241,830,615",48.9%,"$252,750,000",51.1%,1996,Twister,"$92,000,000",Action Adventure Thriller
261,262,Oz the Great and Powerful,"$493,311,825","$234,911,825",47.6%,"$258,400,000",52.4%,2013,Oz the Great and Powerful,"$215,000,000",Adventure Family Fantasy
262,263,Clash of the Titans,"$493,214,993","$163,214,888",33.1%,"$330,000,105",66.9%,2010,Clash of the Titans,"$125,000,000",Action Adventure Fantasy
263,264,Sonic the Hedgehog 3,"$492,162,604","$236,115,100",48%,"$256,047,504",52%,2024,Sonic the Hedgehog 3,,Action Adventure Comedy Family Fantasy Sci-Fi
264,265,Maleficent: Mistress of Evil,"$491,730,089","$113,929,605",23.2%,"$377,800,484",76.8%,2019,Maleficent: Mistress of Evil,"$185,000,000",Adventure Drama Family Fantasy Romance
265,266,War for the Planet of the Apes,"$490,719,763","$146,880,162",29.9%,"$343,839,601",70.1%,2017,War for the Planet of the Apes,"$150,000,000",Action Adventure Drama Sci-Fi Thriller
266,267,Shrek,"$488,977,919","$268,698,241",55%,"$220,279,678",45%,2001,Shrek,"$60,000,000",Adventure Animation Comedy Family Fantasy Romance
267,268,Lost in the Stars,"$487,637,474","$1,721,446",0.4%,"$485,916,028",99.6%,2023,Lost in the Stars,,Crime Drama Mystery
268,269,Mr. & Mrs. Smith,"$487,287,646","$186,336,279",38.2%,"$300,951,367",61.8%,2005,Mr. & Mrs. Smith,"$110,000,000",Action Comedy Crime Thriller
269,270,Angels & Demons,"$485,930,816","$133,375,846",27.4%,"$352,554,970",72.6%,2009,Angels & Demons,"$150,000,000",Mystery Thriller
270,271,Demon Slayer: Kimetsu no Yaiba - The Movie: Mugen Train,"$485,541,995","$49,888,550",10.3%,"$435,653,445",89.7%,2020,Demon Slayer: Kimetsu no Yaiba - The Movie: Mugen Train,,Action Adventure Animation Fantasy Thriller
271,272,Teenage Mutant Ninja Turtles,"$485,004,754","$191,204,754",39.4%,"$293,800,000",60.6%,2014,Teenage Mutant Ninja Turtles,"$125,000,000",Action Adventure Comedy Crime Fantasy Sci-Fi
272,273,Bruce Almighty,"$484,592,874","$242,829,261",50.1%,"$241,763,613",49.9%,2003,Bruce Almighty,"$81,000,000",Comedy Fantasy
273,274,Rio,"$483,866,772","$143,619,809",29.7%,"$340,246,963",70.3%,2011,Rio,"$90,000,000",Adventure Animation Comedy Family Music Musical Romance
274,275,Star Wars: Episode VI - Return of the Jedi,"$482,466,382","$316,566,101",65.6%,"$165,900,281",34.4%,1983,Star Wars: Episode VI - Return of the Jedi,"$32,500,000",Action Adventure Fantasy Sci-Fi
275,276,Saving Private Ryan,"$482,352,390","$217,049,603",45%,"$265,302,787",55%,1998,Saving Private Ryan,"$70,000,000",Drama War
276,277,Rise of the Planet of the Apes,"$481,800,873","$176,760,185",36.7%,"$305,040,688",63.3%,2011,Rise of the Planet of the Apes,"$93,000,000",Action Drama Sci-Fi Thriller
277,278,Puss in Boots: The Last Wish,"$480,466,413","$186,090,535",38.7%,"$294,375,878",61.3%,2022,Puss in Boots: The Last Wish,,Action Adventure Animation Comedy Family Fantasy
278,279,Venom: The Last Dance,"$478,937,618","$139,755,882",29.2%,"$339,181,736",70.8%,2024,Venom: The Last Dance,,Action Adventure Sci-Fi Thriller
279,280,Jaws,"$477,916,625","$267,263,625",55.9%,"$210,653,000",44.1%,1975,Jaws,"$7,000,000",Adventure Horror Thriller
280,281,Home Alone,"$476,684,675","$285,761,243",60%,"$190,923,432",40%,1990,Home Alone,"$18,000,000",Comedy Family
281,282,Ant-Man and the Wasp: Quantumania,"$476,071,180","$214,504,909",45.1%,"$261,566,271",54.9%,2023,Ant-Man and the Wasp: Quantumania,,Action Adventure Comedy Sci-Fi
282,283,Hotel Transylvania 2,"$475,186,976","$169,700,110",35.7%,"$305,486,866",64.3%,2015,Hotel Transylvania 2,"$80,000,000",Adventure Animation Comedy Family Fantasy Romance
283,284,Charlie and the Chocolate Factory,"$474,968,763","$206,459,076",43.5%,"$268,509,687",56.5%,2005,Charlie and the Chocolate Factory,"$150,000,000",Adventure Comedy Family Fantasy Musical
284,285,San Andreas,"$474,609,154","$155,190,832",32.7%,"$319,418,322",67.3%,2015,San Andreas,"$110,000,000",Action Adventure Thriller
285,286,Indiana Jones and the Last Crusade,"$474,171,806","$197,171,806",41.6%,"$277,000,000",58.4%,1989,Indiana Jones and the Last Crusade,"$48,000,000",Action Adventure
286,287,It: Chapter Two,"$473,123,154","$211,622,525",44.7%,"$261,500,629",55.3%,2019,It: Chapter Two,"$79,000,000",Drama Fantasy Horror
287,288,The Greatest Showman,"$471,871,490","$174,340,174",37%,"$297,531,316",63%,2017,The Greatest Showman,"$84,000,000",Biography Drama Musical
288,289,Wreck-It Ralph,"$471,222,906","$189,422,889",40.2%,"$281,800,017",59.8%,2012,Wreck-It Ralph,"$165,000,000",Adventure Animation Comedy Family Fantasy Sci-Fi Sport
289,290,The Lego Movie,"$470,759,687","$257,966,122",54.8%,"$212,793,565",45.2%,2014,The Lego Movie,"$60,000,000",Action Adventure Animation Comedy Family Fantasy Sci-Fi
290,291,Godzilla vs. Kong,"$470,116,094","$100,916,094",21.5%,"$369,200,000",78.5%,2021,Godzilla vs. Kong,,Action Sci-Fi Thriller
291,292,The Hangover,"$469,328,922","$277,339,746",59.1%,"$191,989,176",40.9%,2009,The Hangover,"$35,000,000",Comedy
292,293,Lucy,"$469,058,574","$126,663,600",27%,"$342,394,974",73%,2014,Lucy,"$40,000,000",Action Sci-Fi Thriller
293,294,Bumblebee,"$467,989,645","$127,195,589",27.2%,"$340,794,056",72.8%,2018,Bumblebee,"$135,000,000",Action Adventure Sci-Fi
294,295,The Matrix,"$467,841,735","$172,076,928",36.8%,"$295,764,807",63.2%,1999,The Matrix,"$63,000,000",Action Sci-Fi
295,296,Star Trek Into Darkness,"$467,365,246","$228,778,661",49%,"$238,586,585",51%,2013,Star Trek Into Darkness,"$190,000,000",Action Adventure Sci-Fi
296,297,Gladiator,"$465,516,248","$187,705,427",40.3%,"$277,810,821",59.7%,2000,Gladiator,"$103,000,000",Action Adventure Drama
297,298,Pretty Woman,"$463,406,268","$178,406,268",38.5%,"$285,000,000",61.5%,1990,Pretty Woman,"$14,000,000",Comedy Romance
298,299,Gladiator II,"$462,180,717","$172,438,016",37.3%,"$289,742,701",62.7%,2024,Gladiator II,,Action Adventure Drama
299,300,Cars,"$461,996,328","$244,082,982",52.8%,"$217,913,346",47.2%,2006,Cars,"$120,000,000",Adventure Animation Comedy Family Sport
300,301,The Eight Hundred,"$461,421,559","$372,755",<0.1%,"$461,048,804",99.9%,2020,The Eight Hundred,,History War
301,302,X-Men: The Last Stand,"$460,435,291","$234,362,462",50.9%,"$226,072,829",49.1%,2006,X-Men: The Last Stand,"$210,000,000",Action Adventure Sci-Fi
302,303,Moon Man,"$460,237,662",-,-,"$460,237,662",100%,2022,Moon Man,,Comedy Sci-Fi
303,304,National Treasure: Book of Secrets,"$459,242,249","$219,964,115",47.9%,"$239,278,134",52.1%,2007,National Treasure: Book of Secrets,,Action Adventure Mystery Thriller
304,305,Mission: Impossible,"$457,696,391","$180,981,856",39.5%,"$276,714,535",60.5%,1996,Mission: Impossible,"$80,000,000",Action Adventure Thriller
305,306,300,"$456,082,343","$210,629,101",46.2%,"$245,453,242",53.8%,2007,300,"$65,000,000",Action Drama
306,307,The Last Samurai,"$454,627,263","$111,127,263",24.4%,"$343,500,000",75.6%,2003,The Last Samurai,"$140,000,000",Action Drama
307,308,Beetlejuice Beetlejuice,"$452,000,435","$294,100,435",65.1%,"$157,900,000",34.9%,2024,Beetlejuice Beetlejuice,,Comedy Fantasy Horror
308,309,Beauty and the Beast,"$451,291,298","$218,967,620",48.5%,"$232,323,678",51.5%,1991,Beauty and the Beast,"$25,000,000",Animation Family Fantasy Musical Romance
309,310,Dying to Survive,"$451,183,391","$6,752",-,"$451,176,639",100%,2018,Dying to Survive,,Comedy Drama
310,311,Ocean's Eleven,"$450,717,150","$183,417,150",40.7%,"$267,300,000",59.3%,2001,Ocean's Eleven,"$85,000,000",Crime Thriller
311,312,"My People, My Country","$450,064,993","$2,356,683",0.5%,"$447,708,310",99.5%,2019,"My People, My Country",,Drama History
312,313,Pokémon: Detective Pikachu,"$450,063,166","$144,174,568",32%,"$305,888,598",68%,2019,Pokémon: Detective Pikachu,"$150,000,000",Adventure Comedy Family Mystery Sci-Fi
313,314,Thor,"$449,326,618","$181,030,624",40.3%,"$268,295,994",59.7%,2011,Thor,"$150,000,000",Action Fantasy
314,315,Pearl Harbor,"$449,220,945","$198,542,554",44.2%,"$250,678,391",55.8%,2001,Pearl Harbor,"$140,000,000",Action Drama Romance War
315,316,Tarzan,"$448,192,603","$171,091,819",38.2%,"$277,100,784",61.8%,1999,Tarzan,"$130,000,000",Adventure Animation Comedy Drama Family Music
316,317,John Wick: Chapter 4,"$447,142,521","$187,131,806",41.8%,"$260,010,715",58.2%,2023,John Wick: Chapter 4,,Action Crime Thriller
317,318,1917,"$446,064,352","$159,227,644",35.7%,"$286,836,708",64.3%,2019,1917,"$95,000,000",Action Drama War
318,319,Men in Black II,"$445,135,288","$193,735,288",43.5%,"$251,400,000",56.5%,2002,Men in Black II,"$140,000,000",Action Adventure Comedy Mystery Sci-Fi
319,320,The Mummy Returns,"$443,284,916","$202,019,785",45.6%,"$241,265,131",54.4%,2001,The Mummy Returns,"$98,000,000",Action Adventure Fantasy Thriller
320,321,Alvin and the Chipmunks: The Squeakquel,"$443,140,005","$219,614,612",49.6%,"$223,525,393",50.4%,2009,Alvin and the Chipmunks: The Squeakquel,"$75,000,000",Adventure Animation Comedy Family Fantasy Music Musical
321,322,The Bourne Ultimatum,"$442,824,138","$227,471,070",51.4%,"$215,353,068",48.6%,2007,The Bourne Ultimatum,"$110,000,000",Action Mystery Thriller
322,323,Les Misérables,"$442,757,529","$149,260,140",33.7%,"$293,497,389",66.3%,2012,Les Misérables,"$61,000,000",Drama Musical Romance
323,324,Transformers: Rise of the Beasts,"$441,656,550","$157,341,749",35.6%,"$284,314,801",64.4%,2023,Transformers: Rise of the Beasts,,Action Adventure Sci-Fi
324,325,Mrs. Doubtfire,"$441,286,195","$219,195,243",49.7%,"$222,090,952",50.3%,1993,Mrs. Doubtfire,"$25,000,000",Comedy Drama Family
325,326,Terminator Genisys,"$440,603,537","$89,760,956",20.4%,"$350,842,581",79.6%,2015,Terminator Genisys,"$155,000,000",Action Adventure Sci-Fi Thriller
326,327,Aquaman and the Lost Kingdom,"$440,181,226","$124,481,226",28.3%,"$315,700,000",71.7%,2023,Aquaman and the Lost Kingdom,,Action Adventure Fantasy Sci-Fi
327,328,Warcraft,"$439,048,914","$47,365,290",10.8%,"$391,683,624",89.2%,2016,Warcraft,"$160,000,000",Action Adventure Fantasy
328,329,A Star Is Born,"$436,433,122","$215,333,122",49.3%,"$221,100,000",50.7%,2018,A Star Is Born,"$36,000,000",Drama Music Romance
329,330,Yolo,"$433,600,337","$2,001,584",0.5%,"$431,598,753",99.5%,2024,Yolo,,Action Comedy Drama Sport
330,331,Terminator 3: Rise of the Machines,"$433,371,112","$150,371,112",34.7%,"$283,000,000",65.3%,2003,Terminator 3: Rise of the Machines,"$200,000,000",Action Sci-Fi
331,332,Shang-Chi and the Legend of the Ten Rings,"$432,243,292","$224,543,292",52%,"$207,700,000",48%,2021,Shang-Chi and the Legend of the Ten Rings,,Action Adventure Fantasy Sci-Fi
332,333,Die Another Day,"$431,971,781","$160,942,139",37.3%,"$271,029,642",62.7%,2002,Die Another Day,"$142,000,000",Action Adventure Thriller
333,334,The Secret Life of Pets 2,"$431,164,459","$158,980,250",36.9%,"$272,184,209",63.1%,2019,The Secret Life of Pets 2,"$80,000,000",Adventure Animation Comedy Family
334,335,The Exorcist,"$430,872,776","$233,005,644",54.1%,"$197,867,132",45.9%,1973,The Exorcist,"$11,000,000",Horror
335,336,Cast Away,"$429,632,142","$233,632,142",54.4%,"$196,000,000",45.6%,2000,Cast Away,"$90,000,000",Adventure Drama Romance
336,337,Rampage,"$428,128,399","$101,028,233",23.6%,"$327,100,166",76.4%,2018,Rampage,"$120,000,000",Action Adventure Sci-Fi
337,338,The Matrix Revolutions,"$427,344,325","$139,313,948",32.6%,"$288,030,377",67.4%,2003,The Matrix Revolutions,"$150,000,000",Action Sci-Fi
338,339,The Intouchables,"$426,590,315","$10,198,820",2.4%,"$416,391,495",97.6%,2011,The Intouchables,,Comedy Drama
339,340,Bad Boys for Life,"$426,505,244","$206,305,244",48.4%,"$220,200,000",51.6%,2020,Bad Boys for Life,"$90,000,000",Action Comedy Crime Thriller
340,341,Django Unchained,"$426,076,293","$162,805,434",38.2%,"$263,270,859",61.8%,2012,Django Unchained,"$100,000,000",Drama Western
341,342,Dances with Wolves,"$424,208,848","$184,208,848",43.4%,"$240,000,000",56.6%,1990,Dances with Wolves,"$22,000,000",Adventure Drama Western
342,343,Pegasus 2,"$422,878,491",-,-,"$422,878,491",100%,2024,Pegasus 2,,Comedy Drama Sport
343,344,"My People, My Homeland","$422,390,820",-,-,"$422,390,820",100%,2020,"My People, My Homeland",,Drama
344,345,Successor,"$422,307,398",-,-,"$422,307,398",100%,2024,Successor,,Comedy Drama
345,346,The Chronicles of Narnia: Prince Caspian,"$419,665,568","$141,621,490",33.8%,"$278,044,078",66.2%,2008,The Chronicles of Narnia: Prince Caspian,"$225,000,000",Action Adventure Family Fantasy
346,347,Sex and the City,"$418,769,972","$152,647,258",36.4%,"$266,122,714",63.6%,2008,Sex and the City,"$65,000,000",Comedy Drama Romance
347,348,The Captain,"$417,863,545","$706,572",0.2%,"$417,156,973",99.8%,2019,The Captain,,Action Adventure Drama Family Thriller
348,349,The Mummy,"$417,643,286","$157,095,368",37.6%,"$260,547,918",62.4%,1999,The Mummy,"$80,000,000",Action Adventure Fantasy
349,350,The Chronicles of Narnia: The Voyage of the Dawn Treader,"$415,686,217","$104,386,950",25.1%,"$311,299,267",74.9%,2010,The Chronicles of Narnia: The Voyage of the Dawn Treader,"$155,000,000",Adventure Family Fantasy
350,351,Jason Bourne,"$415,484,914","$162,434,410",39.1%,"$253,050,504",60.9%,2016,Jason Bourne,"$120,000,000",Action Thriller
351,352,Captain America: Brave New World,"$415,101,577","$200,500,001",48.3%,"$214,601,576",51.7%,2025,Captain America: Brave New World,,Action Adventure Sci-Fi
352,353,The Wolverine,"$414,828,246","$132,556,852",32%,"$282,271,394",68%,2013,The Wolverine,"$120,000,000",Action Sci-Fi
353,354,Kingsman: The Secret Service,"$414,351,546","$128,261,724",31%,"$286,089,822",69%,2015,Kingsman: The Secret Service,"$81,000,000",Action Adventure Comedy Thriller
354,355,The King's Speech,"$414,245,125","$138,797,449",33.5%,"$275,447,676",66.5%,2010,The King's Speech,"$15,000,000",Biography Drama History
355,356,Night at the Museum: Battle of the Smithsonian,"$413,106,170","$177,243,721",42.9%,"$235,862,449",57.1%,2009,Night at the Museum: Battle of the Smithsonian,"$150,000,000",Adventure Comedy Family Fantasy
356,357,Batman,"$411,569,241","$251,409,241",61.1%,"$160,160,000",38.9%,1989,Batman,"$35,000,000",Action Adventure
357,358,The Bodyguard,"$411,046,449","$122,046,449",29.7%,"$289,000,000",70.3%,1992,The Bodyguard,,Drama Music Romance Thriller
358,359,Pacific Rim,"$411,002,906","$101,802,906",24.8%,"$309,200,000",75.2%,2013,Pacific Rim,"$190,000,000",Action Adventure Sci-Fi
359,360,Kingsman: The Golden Circle,"$410,902,662","$100,234,838",24.4%,"$310,667,824",75.6%,2017,Kingsman: The Golden Circle,"$104,000,000",Action Adventure Comedy Crime Thriller
360,361,Dune: Part One,"$410,668,018","$108,897,830",26.5%,"$301,770,188",73.5%,2021,Dune: Part One,,Action Adventure Drama Sci-Fi
361,362,The Mummy,"$409,231,607","$80,227,895",19.6%,"$329,003,712",80.4%,2017,The Mummy,"$125,000,000",Action Adventure Fantasy Horror Thriller
362,363,Ice Age: Collision Course,"$408,754,975","$64,063,008",15.7%,"$344,691,967",84.3%,2016,Ice Age: Collision Course,"$105,000,000",Adventure Animation Comedy Family Sci-Fi
363,364,Twilight,"$408,520,617","$193,962,473",47.5%,"$214,558,144",52.5%,2008,Twilight,"$37,000,000",Drama Fantasy Romance
364,365,Sing 2,"$408,402,685","$162,790,990",39.9%,"$245,611,695",60.1%,2021,Sing 2,,Adventure Animation Comedy Family Musical
365,366,Signs,"$408,247,917","$227,966,634",55.8%,"$180,281,283",44.2%,2002,Signs,"$72,000,000",Drama Mystery Sci-Fi Thriller
366,367,X2: X-Men United,"$407,711,549","$214,949,694",52.7%,"$192,761,855",47.3%,2003,X2: X-Men United,"$110,000,000",Action Sci-Fi Thriller
367,368,Fantastic Beasts: The Secrets of Dumbledore,"$407,150,844","$95,850,844",23.5%,"$311,300,000",76.5%,2022,Fantastic Beasts: The Secrets of Dumbledore,,Adventure Fantasy
368,369,Uncharted,"$407,141,258","$148,648,820",36.5%,"$258,492,438",63.5%,2022,Uncharted,,Action Adventure
369,370,The Wolf of Wall Street,"$407,039,432","$116,900,694",28.7%,"$290,138,738",71.3%,2013,The Wolf of Wall Street,"$100,000,000",Biography Comedy Crime Drama
370,371,Sonic the Hedgehog 2,"$405,421,518","$190,872,904",47.1%,"$214,548,614",52.9%,2022,Sonic the Hedgehog 2,,Action Adventure Comedy Family Fantasy Sci-Fi
371,372,Your Name.,"$405,340,703","$5,017,246",1.2%,"$400,323,457",98.8%,2016,Your Name.,,Animation Drama Fantasy Romance
372,373,Alita: Battle Angel,"$404,980,543","$85,838,210",21.2%,"$319,142,333",78.8%,2019,Alita: Battle Angel,"$170,000,000",Action Adventure Sci-Fi Thriller
373,374,Bad Boys: Ride or Die,"$404,550,184","$193,573,217",47.8%,"$210,976,967",52.2%,2024,Bad Boys: Ride or Die,,Action Adventure Comedy Crime Thriller
374,375,The Mummy: Tomb of the Dragon Emperor,"$403,449,830","$102,491,776",25.4%,"$300,958,054",74.6%,2008,The Mummy: Tomb of the Dragon Emperor,"$145,000,000",Action Adventure Fantasy Horror
375,376,Prometheus,"$403,354,469","$126,477,084",31.4%,"$276,877,385",68.6%,2012,Prometheus,"$130,000,000",Adventure Mystery Sci-Fi
376,377,Gone with the Wind,"$402,382,193","$200,882,193",49.9%,"$201,500,000",50.1%,1939,Gone with the Wind,,Drama Romance War
377,378,Eternals,"$402,064,899","$164,870,234",41%,"$237,194,665",59%,2021,Eternals,,Action Adventure Fantasy Sci-Fi
378,379,Tron: Legacy,"$400,070,675","$172,062,763",43%,"$228,007,912",57%,2010,Tron: Legacy,"$170,000,000",Action Adventure Sci-Fi
379,380,Mission: Impossible III,"$398,479,497","$134,029,801",33.6%,"$264,449,696",66.4%,2006,Mission: Impossible III,"$150,000,000",Action Adventure Thriller
380,381,Meg 2: The Trench,"$397,800,317","$82,600,317",20.8%,"$315,200,000",79.2%,2023,Meg 2: The Trench,,Action Adventure Horror Sci-Fi Thriller
381,382,Kingdom of the Planet of the Apes,"$397,378,150","$171,130,165",43.1%,"$226,247,985",56.9%,2024,Kingdom of the Planet of the Apes,,Action Adventure Drama Sci-Fi Thriller
382,383,Snow White and the Huntsman,"$396,592,829","$155,332,381",39.2%,"$241,260,448",60.8%,2012,Snow White and the Huntsman,"$170,000,000",Action Adventure Drama Fantasy
383,384,Grease,"$396,271,103","$190,071,103",48%,"$206,200,000",52%,1978,Grease,"$6,000,000",Comedy Musical Romance
384,385,Mamma Mia! Here We Go Again,"$395,607,854","$120,634,935",30.5%,"$274,972,919",69.5%,2018,Mamma Mia! Here We Go Again,"$75,000,000",Comedy Musical Romance
385,386,Toy Story,"$394,436,586","$223,225,679",56.6%,"$171,210,907",43.4%,1995,Toy Story,,Adventure Animation Comedy Family Fantasy
386,387,Spider-Man: Into the Spider-Verse,"$393,602,435","$190,241,310",48.3%,"$203,361,125",51.7%,2018,Spider-Man: Into the Spider-Verse,"$90,000,000",Action Adventure Animation Comedy Family Fantasy Sci-Fi
387,388,Black Adam,"$393,452,111","$168,152,111",42.7%,"$225,300,000",57.3%,2022,Black Adam,,Action Adventure Fantasy Sci-Fi
388,389,Solo: A Star Wars Story,"$392,924,807","$213,767,512",54.4%,"$179,157,295",45.6%,2018,Solo: A Star Wars Story,"$275,000,000",Action Adventure Sci-Fi
389,390,Once Upon a Time... in Hollywood,"$392,105,159","$142,502,728",36.3%,"$249,602,431",63.7%,2019,Once Upon a Time... in Hollywood,"$90,000,000",Comedy Drama
390,391,Superman Returns,"$391,081,192","$200,081,192",51.2%,"$191,000,000",48.8%,2006,Superman Returns,"$270,000,000",Action Adventure Sci-Fi
391,392,Robin Hood: Prince of Thieves,"$390,493,908","$165,493,908",42.4%,"$225,000,000",57.6%,1991,Robin Hood: Prince of Thieves,"$48,000,000",Action Adventure Drama Romance
392,393,Raiders of the Lost Ark,"$389,925,971","$248,159,971",63.6%,"$141,766,000",36.4%,1981,Raiders of the Lost Ark,"$18,000,000",Action Adventure
393,394,Independence Day: Resurgence,"$389,681,935","$103,144,286",26.5%,"$286,537,649",73.5%,2016,Independence Day: Resurgence,"$165,000,000",Action Adventure Sci-Fi
394,395,Live Free or Die Hard,"$388,156,011","$134,529,403",34.7%,"$253,626,608",65.3%,2007,Live Free or Die Hard,"$110,000,000",Action Thriller
395,396,Godzilla: King of the Monsters,"$387,300,138","$110,500,138",28.5%,"$276,800,000",71.5%,2019,Godzilla: King of the Monsters,"$170,000,000",Action Adventure Fantasy Sci-Fi
396,397,Monster Hunt,"$387,053,506","$32,766",<0.1%,"$387,020,740",100%,2015,Monster Hunt,,Action Adventure Comedy Fantasy
397,398,Home,"$386,041,607","$177,397,510",46%,"$208,644,097",54%,2015,Home,"$135,000,000",Adventure Animation Comedy Family Fantasy Musical Sci-Fi
398,399,Star Trek,"$385,681,768","$257,730,019",66.8%,"$127,951,749",33.2%,2009,Star Trek,"$150,000,000",Action Adventure Sci-Fi
399,400,Back to the Future,"$385,053,307","$214,553,307",55.7%,"$170,500,000",44.3%,1985,Back to the Future,"$19,000,000",Adventure Comedy Sci-Fi
400,401,Happy Feet,"$384,336,781","$198,000,317",51.5%,"$186,336,464",48.5%,2006,Happy Feet,"$100,000,000",Adventure Animation Comedy Family Music Musical Romance
401,402,Indiana Jones and the Dial of Destiny,"$383,963,057","$174,480,468",45.4%,"$209,482,589",54.6%,2023,Indiana Jones and the Dial of Destiny,,Action Adventure Sci-Fi
402,403,Cars 3,"$383,930,656","$152,901,115",39.8%,"$231,029,541",60.2%,2017,Cars 3,,Adventure Animation Comedy Family Sport
403,404,Ice Age,"$383,257,136","$176,387,405",46%,"$206,869,731",54%,2002,Ice Age,"$59,000,000",Adventure Animation Comedy Family
404,405,Thunderbolts*,"$382,001,353","$189,913,270",49.7%,"$192,088,083",50.3%,2025,Thunderbolts*,,Action Adventure Crime Drama Fantasy Sci-Fi
405,406,Fifty Shades Darker,"$381,545,846","$114,581,250",30%,"$266,964,596",70%,2017,Fifty Shades Darker,"$55,000,000",Drama Mystery Romance Thriller
406,407,Monsters vs. Aliens,"$381,509,870","$198,351,526",52%,"$183,158,344",48%,2009,Monsters vs. Aliens,"$175,000,000",Action Adventure Animation Comedy Family Fantasy Sci-Fi
407,408,Edge of Tomorrow,"$381,055,527","$100,206,256",26.3%,"$280,849,271",73.7%,2014,Edge of Tomorrow,"$178,000,000",Action Adventure Sci-Fi
408,409,Mad Max: Fury Road,"$380,437,267","$154,280,290",40.6%,"$226,156,977",59.4%,2015,Mad Max: Fury Road,"$150,000,000",Action Adventure Sci-Fi
409,410,Black Widow,"$379,751,655","$183,651,655",48.4%,"$196,100,000",51.6%,2021,Black Widow,,Action Adventure Sci-Fi
410,411,Godzilla,"$379,014,294","$136,314,294",36%,"$242,700,000",64%,1998,Godzilla,"$130,000,000",Action Sci-Fi Thriller
411,412,True Lies,"$378,882,411","$146,282,411",38.6%,"$232,600,000",61.4%,1994,True Lies,"$115,000,000",Action Comedy Thriller
412,413,Slumdog Millionaire,"$378,411,362","$141,319,928",37.4%,"$237,091,434",62.6%,2008,Slumdog Millionaire,"$15,000,000",Crime Drama Romance
413,414,Taken 2,"$376,152,455","$139,854,287",37.2%,"$236,298,168",62.8%,2012,Taken 2,"$45,000,000",Action Crime Thriller
414,415,G.I. Joe: Retaliation,"$375,740,705","$122,523,060",32.6%,"$253,217,645",67.4%,2013,G.I. Joe: Retaliation,"$130,000,000",Action Adventure Sci-Fi Thriller
415,416,Batman Begins,"$375,406,308","$206,863,479",55.1%,"$168,542,829",44.9%,2005,Batman Begins,"$150,000,000",Action Crime Drama Thriller
416,417,Shark Tale,"$374,583,879","$160,861,908",42.9%,"$213,721,971",57.1%,2004,Shark Tale,"$75,000,000",Adventure Animation Comedy Family Thriller
417,418,What Women Want,"$374,111,707","$182,811,707",48.9%,"$191,300,000",51.1%,2000,What Women Want,"$70,000,000",Comedy Fantasy Romance
418,419,The Adventures of Tintin,"$373,994,233","$77,591,831",20.8%,"$296,402,402",79.2%,2011,The Adventures of Tintin,,Action Adventure Animation Family Mystery
419,420,Penguins of Madagascar,"$373,515,621","$83,850,911",22.4%,"$289,664,710",77.6%,2014,Penguins of Madagascar,"$132,000,000",Action Adventure Animation Comedy Crime Family Sci-Fi
420,421,X-Men Origins: Wolverine,"$373,062,864","$179,883,157",48.2%,"$193,179,707",51.8%,2009,X-Men Origins: Wolverine,"$150,000,000",Action Sci-Fi
421,422,Creation of the Gods I: Kingdom of Storms,"$373,021,923","$1,706,355",0.5%,"$371,315,568",99.5%,2023,Creation of the Gods I: Kingdom of Storms,,Action Adventure Drama Fantasy
422,423,Twisters,"$372,262,265","$267,762,265",71.9%,"$104,500,000",28.1%,2024,Twisters,,Action Adventure Thriller
423,424,The Golden Compass,"$372,234,864","$70,107,728",18.8%,"$302,127,136",81.2%,2007,The Golden Compass,"$180,000,000",Adventure Family Fantasy
424,425,Fifty Shades Freed,"$371,985,018","$100,407,760",27%,"$271,577,258",73%,2018,Fifty Shades Freed,"$55,000,000",Drama Mystery Romance Thriller
425,426,Hitch,"$371,594,210","$179,495,555",48.3%,"$192,098,655",51.7%,2005,Hitch,"$70,000,000",Comedy Romance
426,427,Terminator Salvation,"$371,353,001","$125,322,469",33.8%,"$246,030,532",66.2%,2009,Terminator Salvation,"$200,000,000",Action Adventure Sci-Fi
427,428,Gone Girl,"$370,890,259","$167,767,189",45.2%,"$203,123,070",54.8%,2014,Gone Girl,"$61,000,000",Drama Mystery Thriller
428,429,Captain America: The First Avenger,"$370,569,774","$176,654,505",47.7%,"$193,915,269",52.3%,2011,Captain America: The First Avenger,"$140,000,000",Action Adventure Sci-Fi
429,430,There's Something About Mary,"$369,884,651","$176,484,651",47.7%,"$193,400,000",52.3%,1998,There's Something About Mary,"$23,000,000",Comedy Romance
430,431,The Fugitive,"$368,875,760","$183,875,760",49.8%,"$185,000,000",50.2%,1993,The Fugitive,,Action Crime Drama Mystery Thriller
431,432,Jurassic Park III,"$368,780,809","$181,171,875",49.1%,"$187,608,934",50.9%,2001,Jurassic Park III,"$93,000,000",Action Adventure Sci-Fi Thriller
432,433,My Big Fat Greek Wedding,"$368,744,044","$241,438,208",65.5%,"$127,305,836",34.5%,2002,My Big Fat Greek Wedding,"$5,000,000",Comedy Drama Romance
433,434,Shazam!,"$367,799,011","$140,480,049",38.2%,"$227,318,962",61.8%,2019,Shazam!,"$100,000,000",Action Adventure Comedy Fantasy
434,435,Hello Mr. Billionaire,"$366,961,907",-,-,"$366,961,907",100%,2018,Hello Mr. Billionaire,,Comedy
435,436,Die Hard with a Vengeance,"$366,101,666","$100,012,499",27.3%,"$266,089,167",72.7%,1995,Die Hard with a Vengeance,"$90,000,000",Action Adventure Thriller
436,437,The Nun,"$366,082,797","$117,481,222",32.1%,"$248,601,575",67.9%,2018,The Nun,"$22,000,000",Horror Mystery Thriller
437,438,Sinners,"$365,710,761","$278,410,761",76.1%,"$87,300,000",23.9%,2025,Sinners,,Action Drama Horror Music Thriller
438,439,Alvin and the Chipmunks,"$365,352,546","$217,326,974",59.5%,"$148,025,572",40.5%,2007,Alvin and the Chipmunks,"$60,000,000",Adventure Animation Comedy Family Fantasy Music Musical
439,440,Tenet,"$365,304,105","$58,504,105",16%,"$306,800,000",84%,2020,Tenet,,Action Sci-Fi Thriller
440,441,Notting Hill,"$364,015,475","$116,089,678",31.9%,"$247,925,797",68.1%,1999,Notting Hill,"$42,000,000",Comedy Drama Romance
441,442,A Bug's Life,"$363,258,859","$162,798,565",44.8%,"$200,460,294",55.2%,1998,A Bug's Life,"$120,000,000",Adventure Animation Comedy Family
442,443,Night at the Museum: Secret of the Tomb,"$363,204,635","$113,746,621",31.3%,"$249,458,014",68.7%,2014,Night at the Museum: Secret of the Tomb,"$127,000,000",Adventure Comedy Family Fantasy
443,444,Ocean's Twelve,"$362,744,280","$125,544,280",34.6%,"$237,200,000",65.4%,2004,Ocean's Twelve,"$110,000,000",Crime Thriller
444,445,Mary Poppins Returns,"$362,529,106","$171,958,438",47.4%,"$190,570,668",52.6%,2018,Mary Poppins Returns,"$130,000,000",Adventure Comedy Family Fantasy Music Musical
445,446,Planet of the Apes,"$362,211,740","$180,011,740",49.7%,"$182,200,000",50.3%,2001,Planet of the Apes,"$100,000,000",Action Adventure Sci-Fi Thriller
446,447,The Hangover Part III,"$362,000,072","$112,200,072",31%,"$249,800,000",69%,2013,The Hangover Part III,"$103,000,000",Comedy Crime
447,448,The World Is Not Enough,"$361,832,400","$126,943,684",35.1%,"$234,888,716",64.9%,1999,The World Is Not Enough,"$135,000,000",Action Adventure Thriller
448,449,Monster Hunt 2,"$361,682,618","$706,153",0.2%,"$360,976,465",99.8%,2018,Monster Hunt 2,,Adventure Comedy Fantasy Sci-Fi
449,450,Fast & Furious,"$360,405,638","$155,064,265",43%,"$205,341,373",57%,2009,Fast & Furious,"$85,000,000",Action Thriller
450,451,Spirited Away,"$359,592,415","$15,205,725",4.2%,"$344,386,690",95.8%,2001,Spirited Away,,Adventure Animation Family Fantasy Mystery
451,452,Noah,"$359,200,044","$101,200,044",28.2%,"$258,000,000",71.8%,2014,Noah,"$125,000,000",Action Adventure Drama
452,453,The Karate Kid,"$359,126,022","$176,591,618",49.2%,"$182,534,404",50.8%,2010,The Karate Kid,"$40,000,000",Action Drama Family Sport
453,454,Home Alone 2: Lost in New York,"$358,994,850","$173,585,516",48.4%,"$185,409,334",51.6%,1992,Home Alone 2: Lost in New York,,Adventure Comedy Crime Family
454,455,Hotel Transylvania,"$358,488,860","$148,426,305",41.4%,"$210,062,555",58.6%,2012,Hotel Transylvania,"$85,000,000",Animation Comedy Family Fantasy
455,456,Minority Report,"$358,372,926","$132,072,926",36.8%,"$226,300,000",63.2%,2002,Minority Report,"$102,000,000",Action Crime Mystery Sci-Fi Thriller
456,457,Top Gun,"$357,288,178","$180,258,178",50.4%,"$177,030,000",49.6%,1986,Top Gun,,Action Drama
457,458,The Legend of Tarzan,"$357,243,061","$126,643,061",35.4%,"$230,600,000",64.6%,2016,The Legend of Tarzan,"$180,000,000",Action Adventure Drama Fantasy Romance
458,459,American Beauty,"$356,296,601","$130,096,601",36.5%,"$226,200,000",63.5%,1999,American Beauty,"$15,000,000",Drama
459,460,Apollo 13,"$355,237,933","$173,837,933",48.9%,"$181,400,000",51.1%,1995,Apollo 13,,Adventure Drama History
460,461,Rain Man,"$354,825,435","$172,825,435",48.7%,"$182,000,000",51.3%,1988,Rain Man,"$25,000,000",Drama
461,462,The Great Gatsby,"$353,660,028","$144,857,996",41%,"$208,802,032",59%,2013,The Great Gatsby,"$105,000,000",Drama Romance
462,463,Dumbo,"$353,284,621","$114,766,307",32.5%,"$238,518,314",67.5%,2019,Dumbo,"$170,000,000",Adventure Family Fantasy
463,464,"I, Robot","$353,133,898","$144,801,023",41%,"$208,332,875",59%,2004,"I, Robot","$120,000,000",Action Mystery Sci-Fi Thriller
464,465,Basic Instinct,"$352,927,224","$117,727,224",33.4%,"$235,200,000",66.6%,1992,Basic Instinct,"$49,000,000",Drama Mystery Thriller
465,466,Murder on the Orient Express,"$352,794,081","$102,826,543",29.2%,"$249,967,538",70.8%,2017,Murder on the Orient Express,"$55,000,000",Crime Drama Mystery Thriller
466,467,X-Men: First Class,"$352,616,690","$146,408,305",41.5%,"$206,208,385",58.5%,2011,X-Men: First Class,"$160,000,000",Action Sci-Fi
467,468,The Angry Birds Movie,"$352,333,929","$107,509,366",30.5%,"$244,824,563",69.5%,2016,The Angry Birds Movie,"$73,000,000",Action Adventure Animation Comedy Family
468,469,GoldenEye,"$352,194,034","$106,429,941",30.2%,"$245,764,093",69.8%,1995,GoldenEye,,Action Adventure Thriller
469,470,Catch Me If You Can,"$352,114,312","$164,615,351",46.8%,"$187,498,961",53.2%,2002,Catch Me If You Can,"$52,000,000",Biography Crime Drama
470,471,Now You See Me,"$351,723,989","$117,723,989",33.5%,"$234,000,000",66.5%,2013,Now You See Me,"$75,000,000",Crime Mystery Thriller
471,472,Hannibal,"$351,692,268","$165,092,268",46.9%,"$186,600,000",53.1%,2001,Hannibal,"$87,000,000",Crime Drama Thriller
472,473,The Mask,"$351,583,407","$119,938,730",34.1%,"$231,644,677",65.9%,1994,The Mask,"$23,000,000",Comedy Crime Fantasy
473,474,Peter Rabbit,"$351,516,614","$115,253,424",32.8%,"$236,263,190",67.2%,2018,Peter Rabbit,"$50,000,000",Adventure Animation Comedy Drama Family Fantasy
474,475,It Ends with Us,"$351,441,044","$148,518,266",42.3%,"$202,922,778",57.7%,2024,It Ends with Us,,Drama Romance
475,476,Alien: Romulus,"$350,865,342","$105,313,091",30%,"$245,552,251",70%,2024,Alien: Romulus,,Horror Sci-Fi Thriller
476,477,Speed,"$350,448,145","$121,248,145",34.6%,"$229,200,000",65.4%,1994,Speed,"$30,000,000",Action Adventure Thriller
477,478,Dinosaur,"$349,822,765","$137,748,063",39.4%,"$212,074,702",60.6%,2000,Dinosaur,"$127,500,000",Adventure Animation Drama Family Fantasy
478,479,Deep Impact,"$349,464,664","$140,464,664",40.2%,"$209,000,000",59.8%,1998,Deep Impact,,Action Drama Sci-Fi Thriller
479,480,The Lorax,"$349,305,397","$214,494,550",61.4%,"$134,810,847",38.6%,2012,The Lorax,"$70,000,000",Adventure Animation Comedy Drama Family Fantasy Musical
480,481,The Hunger Games: The Ballad of Songbirds & Snakes,"$348,424,489","$166,350,594",47.7%,"$182,073,895",52.3%,2023,The Hunger Games: The Ballad of Songbirds & Snakes,,Action Adventure Drama Sci-Fi Thriller War
481,482,The Maze Runner,"$348,319,861","$102,427,862",29.4%,"$245,891,999",70.6%,2014,The Maze Runner,"$34,000,000",Action Mystery Sci-Fi Thriller
482,483,The Smurfs 2,"$347,545,360","$71,017,784",20.4%,"$276,527,576",79.6%,2013,The Smurfs 2,"$105,000,000",Adventure Animation Comedy Family Fantasy
483,484,National Treasure,"$347,512,530","$173,008,894",49.8%,"$174,503,636",50.2%,2004,National Treasure,"$100,000,000",Action Adventure Mystery Thriller
484,485,Trolls,"$347,337,803","$154,174,089",44.4%,"$193,163,714",55.6%,2016,Trolls,"$125,000,000",Adventure Animation Comedy Family Fantasy Musical
485,486,Rush Hour 2,"$347,325,802","$226,164,286",65.1%,"$121,161,516",34.9%,2001,Rush Hour 2,"$90,000,000",Action Comedy Crime Thriller
486,487,How the Grinch Stole Christmas,"$347,162,175","$261,901,880",75.4%,"$85,260,295",24.6%,2000,How the Grinch Stole Christmas,"$123,000,000",Comedy Family Fantasy
487,488,xXx: Return of Xander Cage,"$346,118,277","$44,898,413",13%,"$301,219,864",87%,2017,xXx: Return of Xander Cage,"$85,000,000",Action Adventure Thriller
488,489,Pocahontas,"$346,079,773","$141,579,773",40.9%,"$204,500,000",59.1%,1995,Pocahontas,,Adventure Animation Drama Family Musical Romance
489,490,Star Trek Beyond,"$343,471,816","$158,848,340",46.2%,"$184,623,476",53.8%,2016,Star Trek Beyond,"$185,000,000",Action Adventure Sci-Fi Thriller
490,491,Alvin and the Chipmunks: Chipwrecked,"$342,695,435","$133,110,742",38.8%,"$209,584,693",61.2%,2011,Alvin and the Chipmunks: Chipwrecked,"$75,000,000",Adventure Animation Comedy Family Fantasy Music Musical
491,492,Wanted,"$342,463,063","$134,508,551",39.3%,"$207,954,512",60.7%,2008,Wanted,"$75,000,000",Action Crime Thriller
492,493,The Flintstones,"$341,631,208","$130,531,208",38.2%,"$211,100,000",61.8%,1994,The Flintstones,"$46,000,000",Comedy Family Fantasy
493,494,A Quiet Place,"$340,955,294","$188,024,361",55.2%,"$152,930,933",44.8%,2018,A Quiet Place,"$17,000,000",Drama Horror Sci-Fi
494,495,Enchanted,"$340,487,869","$127,807,262",37.5%,"$212,680,607",62.5%,2007,Enchanted,"$85,000,000",Adventure Animation Comedy Family Fantasy Musical Romance
495,496,Over the Hedge,"$339,795,890","$155,019,340",45.6%,"$184,776,550",54.4%,2006,Over the Hedge,,Adventure Animation Comedy Family
496,497,300: Rise of an Empire,"$337,580,051","$106,580,051",31.6%,"$231,000,000",68.4%,2014,300: Rise of an Empire,"$110,000,000",Action Drama
497,498,Batman Forever,"$336,567,158","$184,069,126",54.7%,"$152,498,032",45.3%,1995,Batman Forever,"$100,000,000",Action Adventure
498,499,Prince of Persia: The Sands of Time,"$336,365,676","$90,759,676",27%,"$245,606,000",73%,2009,Prince of Persia: The Sands of Time,"$200,000,000",Action Adventure Fantasy
499,500,The Curious Case of Benjamin Button,"$335,802,786","$127,509,326",38%,"$208,293,460",62%,2008,The Curious Case of Benjamin Button,"$150,000,000",Drama Fantasy Romance
500,501,Journey 2: The Mysterious Island,"$335,288,576","$103,887,748",31%,"$231,400,828",69%,2012,Journey 2: The Mysterious Island,"$79,000,000",Action Adventure Comedy Family Fantasy Sci-Fi
501,502,The Rock,"$335,062,621","$134,069,511",40%,"$200,993,110",60%,1996,The Rock,"$75,000,000",Action Adventure Thriller
502,503,The Great Wall,"$334,933,831","$45,540,830",13.6%,"$289,393,001",86.4%,2016,The Great Wall,"$150,000,000",Action Adventure Fantasy Thriller
503,504,Now You See Me 2,"$334,897,606","$65,075,540",19.4%,"$269,822,066",80.6%,2016,Now You See Me 2,,Action Adventure Comedy Crime Mystery Thriller
504,505,Never Say Die,"$334,530,869",-,-,"$334,530,869",100%,2017,Never Say Die,,Comedy Fantasy Sport
505,506,Jurassic World: Rebirth,"$334,316,890","$159,522,890",47.7%,"$174,794,000",52.3%,2025,Jurassic World: Rebirth,,Action Adventure Sci-Fi Thriller
506,507,Fantastic Four,"$333,535,934","$154,696,080",46.4%,"$178,839,854",53.6%,2005,Fantastic Four,"$100,000,000",Action Adventure Fantasy Sci-Fi
507,508,The Wild Robot,"$333,165,945","$143,901,945",43.2%,"$189,264,000",56.8%,2024,The Wild Robot,,Adventure Animation Family Sci-Fi
508,509,Indiana Jones and the Temple of Doom,"$333,107,271","$179,870,271",54%,"$153,237,000",46%,1984,Indiana Jones and the Temple of Doom,"$28,000,000",Action Adventure
509,510,Tomorrow Never Dies,"$333,011,068","$125,304,276",37.6%,"$207,706,792",62.4%,1997,Tomorrow Never Dies,,Action Adventure Thriller
510,511,Back to the Future Part II,"$332,861,197","$119,361,197",35.9%,"$213,500,000",64.1%,1989,Back to the Future Part II,"$40,000,000",Adventure Comedy Sci-Fi
511,512,The Good Dinosaur,"$332,207,671","$123,087,120",37%,"$209,120,551",63%,2015,The Good Dinosaur,,Action Adventure Animation Comedy Drama Family Fantasy
512,513,Little Women,"$332,103,783","$108,101,214",32.6%,"$224,002,569",67.4%,2019,Little Women,"$40,000,000",Drama Romance
513,514,Free Guy,"$331,526,598","$121,626,598",36.7%,"$209,900,000",63.3%,2021,Free Guy,,Action Adventure Comedy Fantasy Romance Sci-Fi
514,515,22 Jump Street,"$331,333,876","$191,719,337",57.9%,"$139,614,539",42.1%,2014,22 Jump Street,"$50,000,000",Action Comedy Crime
515,516,Meet the Parents,"$330,444,045","$166,244,045",50.3%,"$164,200,000",49.7%,2000,Meet the Parents,"$55,000,000",Comedy Romance
516,517,Who Framed Roger Rabbit,"$329,803,958","$156,452,370",47.4%,"$173,351,588",52.6%,1988,Who Framed Roger Rabbit,"$70,000,000",Adventure Animation Comedy Crime Family Fantasy Mystery
517,518,Black Swan,"$329,398,046","$106,954,678",32.5%,"$222,443,368",67.5%,2010,Black Swan,"$13,000,000",Drama Thriller
518,519,Seven,"$328,983,304","$101,040,643",30.7%,"$227,942,661",69.3%,1995,Seven,"$33,000,000",Crime Drama Mystery Thriller
519,520,The Perfect Storm,"$328,718,434","$182,618,434",55.6%,"$146,100,000",44.4%,2000,The Perfect Storm,"$140,000,000",Action Adventure Drama Thriller
520,521,John Wick: Chapter 3 - Parabellum,"$328,349,908","$171,015,687",52.1%,"$157,334,221",47.9%,2019,John Wick: Chapter 3 - Parabellum,"$75,000,000",Action Crime Drama Thriller
521,522,Crocodile Dundee,"$328,203,506","$174,803,506",53.3%,"$153,400,000",46.7%,1986,Crocodile Dundee,,Adventure Comedy
522,523,Crazy Alien,"$327,598,891",-,-,"$327,598,891",100%,2019,Crazy Alien,,Comedy Sci-Fi
523,524,The Devil Wears Prada,"$326,720,785","$124,740,460",38.2%,"$201,980,325",61.8%,2006,The Devil Wears Prada,"$35,000,000",Comedy Drama
524,525,Taken 3,"$326,479,141","$89,256,424",27.3%,"$237,222,717",72.7%,2015,Taken 3,"$48,000,000",Action Crime Thriller
525,526,Paddington,"$326,088,587","$76,271,832",23.4%,"$249,816,755",76.6%,2014,Paddington,"$55,000,000",Adventure Comedy Family Fantasy
526,527,The Hunchback of Notre Dame,"$325,338,851","$100,138,851",30.8%,"$225,200,000",69.2%,1996,The Hunchback of Notre Dame,"$100,000,000",Animation Drama Family Musical Romance
527,528,A Christmas Carol,"$325,286,646","$137,855,863",42.4%,"$187,430,783",57.6%,2009,A Christmas Carol,"$200,000,000",Adventure Animation Comedy Drama Family Fantasy
528,529,The SpongeBob Movie: Sponge Out of Water,"$325,186,032","$162,994,032",50.1%,"$162,192,000",49.9%,2015,The SpongeBob Movie: Sponge Out of Water,"$74,000,000",Adventure Animation Comedy Family Fantasy
529,530,Bridesmaids,"$324,840,797","$169,106,725",52.1%,"$155,734,072",47.9%,2011,Bridesmaids,"$32,500,000",Comedy
530,531,The Conjuring 2,"$322,811,702","$102,516,140",31.8%,"$220,295,562",68.2%,2016,The Conjuring 2,"$40,000,000",Horror Mystery Thriller
531,532,Schindler's List,"$322,161,245","$96,898,818",30.1%,"$225,262,427",69.9%,1993,Schindler's List,"$22,000,000",Biography Drama History
532,533,Megamind,"$321,885,765","$148,415,853",46.1%,"$173,469,912",53.9%,2010,Megamind,"$130,000,000",Action Adventure Animation Comedy Crime Family Fantasy Sci-Fi
533,534,Green Book,"$321,752,656","$85,080,171",26.4%,"$236,672,485",73.6%,2018,Green Book,"$23,000,000",Biography Comedy Drama Music
534,535,Lethal Weapon 3,"$321,731,527","$144,731,527",45%,"$177,000,000",55%,1992,Lethal Weapon 3,"$35,000,000",Action Crime Thriller
535,536,Robin Hood,"$321,669,741","$105,269,730",32.7%,"$216,400,011",67.3%,2010,Robin Hood,"$200,000,000",Action Adventure Drama History
536,537,Inglourious Basterds,"$321,460,744","$120,540,719",37.5%,"$200,920,025",62.5%,2009,Inglourious Basterds,"$70,000,000",Adventure Drama War
537,538,101 Dalmatians,"$320,689,294","$136,189,294",42.5%,"$184,500,000",57.5%,1996,101 Dalmatians,,Adventure Comedy Crime Family
538,539,The Conjuring,"$320,415,166","$137,446,368",42.9%,"$182,968,798",57.1%,2013,The Conjuring,"$20,000,000",Horror Mystery Thriller
539,540,Fatal Attraction,"$320,145,693","$156,645,693",48.9%,"$163,500,000",51.1%,1987,Fatal Attraction,,Drama Thriller
540,541,Sonic the Hedgehog,"$319,715,683","$148,974,665",46.6%,"$170,741,018",53.4%,2020,Sonic the Hedgehog,"$85,000,000",Action Adventure Comedy Family Fantasy Sci-Fi
541,542,The Last Airbender,"$319,713,881","$131,772,187",41.2%,"$187,941,694",58.8%,2010,The Last Airbender,"$150,000,000",Action Adventure Family Fantasy
542,543,The Polar Express,"$318,910,211","$189,528,738",59.4%,"$129,381,473",40.6%,2004,The Polar Express,"$165,000,000",Adventure Animation Family Fantasy Musical
543,544,The Proposal,"$317,375,937","$163,958,031",51.7%,"$153,417,906",48.3%,2009,The Proposal,"$40,000,000",Comedy Drama Romance
544,545,A Beautiful Mind,"$316,791,257","$170,742,341",53.9%,"$146,048,916",46.1%,2001,A Beautiful Mind,"$58,000,000",Biography Drama Mystery
545,546,Beverly Hills Cop,"$316,360,478","$234,760,478",74.2%,"$81,600,000",25.8%,1984,Beverly Hills Cop,,Action Comedy Crime Thriller
546,547,Air Force One,"$315,156,409","$172,956,409",54.9%,"$142,200,000",45.1%,1997,Air Force One,"$85,000,000",Action Crime Drama Thriller
547,548,Wonder,"$315,025,930","$132,422,809",42%,"$182,603,121",58%,2017,Wonder,,Drama Family
548,549,The Expendables 2,"$314,975,955","$85,028,192",27%,"$229,947,763",73%,2012,The Expendables 2,"$100,000,000",Action Adventure Thriller
549,550,Chicken Little,"$314,432,837","$135,386,665",43.1%,"$179,046,172",56.9%,2005,Chicken Little,"$150,000,000",Adventure Animation Comedy Family Fantasy Sci-Fi
550,551,As Good as It Gets,"$314,178,011","$148,478,011",47.3%,"$165,700,000",52.7%,1997,As Good as It Gets,"$50,000,000",Comedy Drama Romance
551,552,Austin Powers: The Spy Who Shagged Me,"$313,701,294","$206,040,086",65.7%,"$107,661,208",34.3%,1999,Austin Powers: The Spy Who Shagged Me,"$33,000,000",Action Adventure Comedy Crime
552,553,Knives Out,"$312,897,920","$165,363,234",52.8%,"$147,534,686",47.2%,2019,Knives Out,"$40,000,000",Comedy Crime Drama Mystery Thriller
553,554,The Lego Batman Movie,"$312,336,671","$175,936,671",56.3%,"$136,400,000",43.7%,2017,The Lego Batman Movie,"$80,000,000",Action Adventure Animation Comedy Family Fantasy Sci-Fi
554,555,Maze Runner: The Scorch Trials,"$312,296,056","$81,697,192",26.2%,"$230,598,864",73.8%,2015,Maze Runner: The Scorch Trials,"$61,000,000",Action Adventure Sci-Fi Thriller
555,556,Resident Evil: The Final Chapter,"$312,242,626","$26,830,068",8.6%,"$285,412,558",91.4%,2016,Resident Evil: The Final Chapter,"$40,000,000",Action Horror Sci-Fi
556,557,Ocean's Thirteen,"$311,312,624","$117,154,724",37.6%,"$194,157,900",62.4%,2007,Ocean's Thirteen,,Crime Thriller
557,558,Little Fockers,"$310,650,585","$148,438,600",47.8%,"$162,211,985",52.2%,2010,Little Fockers,"$100,000,000",Comedy Romance
558,559,Bolt,"$309,979,994","$114,053,579",36.8%,"$195,926,415",63.2%,2008,Bolt,"$150,000,000",Adventure Animation Comedy Crime Drama Family Sci-Fi
559,560,Ransom,"$309,492,681","$136,492,681",44.1%,"$173,000,000",55.9%,1996,Ransom,,Action Crime Drama Thriller
560,561,Runaway Bride,"$309,460,292","$152,257,509",49.2%,"$157,202,783",50.8%,1999,Runaway Bride,"$70,000,000",Comedy Romance
561,562,The Blind Side,"$309,231,694","$255,982,860",82.8%,"$53,248,834",17.2%,2009,The Blind Side,"$29,000,000",Biography Drama Sport
562,563,The Ex-File 3: Return of the Exes,"$307,592,427","$838,959",0.3%,"$306,753,468",99.7%,2017,The Ex-File 3: Return of the Exes,,Comedy Romance
563,564,The Fault in Our Stars,"$307,170,119","$124,872,350",40.6%,"$182,297,769",59.4%,2014,The Fault in Our Stars,"$12,000,000",Drama Romance
564,565,The Pursuit of Happyness,"$307,127,625","$163,566,459",53.3%,"$143,561,166",46.7%,2006,The Pursuit of Happyness,"$55,000,000",Biography Drama
565,566,Rise of the Guardians,"$306,941,670","$103,412,758",33.7%,"$203,528,912",66.3%,2012,Rise of the Guardians,"$145,000,000",Action Adventure Animation Comedy Drama Family Fantasy Sci-Fi
566,567,Article 20,"$306,899,794",-,-,"$306,899,794",100%,2024,Article 20,,Drama
567,568,Close Encounters of the Third Kind,"$306,889,114","$135,189,114",44%,"$171,700,000",56%,1977,Close Encounters of the Third Kind,"$20,000,000",Drama Sci-Fi
568,569,Chicago,"$306,777,366","$170,687,518",55.6%,"$136,089,848",44.4%,2002,Chicago,"$45,000,000",Comedy Crime Musical
569,570,Annabelle: Creation,"$306,592,201","$102,092,201",33.3%,"$204,500,000",66.7%,2017,Annabelle: Creation,"$15,000,000",Horror Mystery Thriller
570,571,Skyscraper,"$304,870,828","$68,420,120",22.4%,"$236,450,708",77.6%,2018,Skyscraper,"$125,000,000",Action Adventure Thriller
571,572,A Good Day to Die Hard,"$304,654,182","$67,349,198",22.1%,"$237,304,984",77.9%,2013,A Good Day to Die Hard,"$92,000,000",Action Thriller
572,573,Mulan,"$304,320,254","$120,620,254",39.6%,"$183,700,000",60.4%,1998,Mulan,,Adventure Animation Comedy Family Fantasy Musical War
573,574,Dangal,"$303,726,694","$12,391,761",4.1%,"$291,334,933",95.9%,2016,Dangal,,Action Biography Drama Sport
574,575,Passengers,"$303,144,152","$100,014,699",33%,"$203,129,453",67%,2016,Passengers,"$110,000,000",Drama Romance Sci-Fi Thriller
575,576,Battleship,"$303,025,485","$65,422,625",21.6%,"$237,602,860",78.4%,2012,Battleship,"$209,000,000",Action Adventure Sci-Fi Thriller
576,577,Liar Liar,"$302,710,615","$181,410,615",59.9%,"$121,300,000",40.1%,1997,Liar Liar,,Comedy Fantasy
577,578,G.I. Joe: The Rise of Cobra,"$302,469,017","$150,201,498",49.7%,"$152,267,519",50.3%,2009,G.I. Joe: The Rise of Cobra,"$175,000,000",Action Adventure Sci-Fi Thriller
578,579,Wrath of the Titans,"$301,970,083","$83,670,083",27.7%,"$218,300,000",72.3%,2012,Wrath of the Titans,"$150,000,000",Action Adventure Fantasy
579,580,Never Say Never,"$301,957,043",-,-,"$301,957,043",100%,2023,Never Say Never,,Action Drama Sport
580,581,Fantastic Four: Rise of the Silver Surfer,"$301,913,131","$131,921,738",43.7%,"$169,991,393",56.3%,2007,Fantastic Four: Rise of the Silver Surfer,"$130,000,000",Action Adventure Fantasy Sci-Fi
581,582,F1: The Movie,"$301,213,267","$112,713,267",37.4%,"$188,500,000",62.6%,2025,F1: The Movie,,Action Drama Sport
582,583,Hook,"$300,854,823","$119,654,823",39.8%,"$181,200,000",60.2%,1991,Hook,"$70,000,000",Adventure Comedy Family Fantasy
583,584,Superman,"$300,478,449","$134,478,449",44.8%,"$166,000,000",55.2%,1978,Superman,"$55,000,000",Action Adventure Sci-Fi
584,585,Rocky IV,"$300,473,716","$127,873,716",42.6%,"$172,600,000",57.4%,1985,Rocky IV,,Drama Sport
585,586,Rambo: First Blood Part II,"$300,400,432","$150,415,432",50.1%,"$149,985,000",49.9%,1985,Rambo: First Blood Part II,,Action Adventure Thriller
586,587,Resident Evil: Afterlife,"$300,228,084","$60,128,566",20%,"$240,099,518",80%,2010,Resident Evil: Afterlife,"$60,000,000",Action Horror Sci-Fi
587,588,Migration,"$300,187,799","$127,630,880",42.5%,"$172,556,919",57.5%,2023,Migration,,Adventure Animation Comedy Family
588,589,Van Helsing,"$300,157,638","$120,177,084",40%,"$179,980,554",60%,2004,Van Helsing,"$160,000,000",Action Adventure Fantasy Thriller
589,590,Stuart Little,"$300,135,367","$140,035,367",46.7%,"$160,100,000",53.3%,1999,Stuart Little,"$133,000,000",Adventure Comedy Family Fantasy
590,591,Beverly Hills Cop II,"$299,965,036","$153,665,036",51.2%,"$146,300,000",48.8%,1987,Beverly Hills Cop II,,Action Comedy Crime Thriller
591,592,Alice Through the Looking Glass,"$299,820,798","$77,041,381",25.7%,"$222,779,417",74.3%,2016,Alice Through the Looking Glass,"$170,000,000",Adventure Family Fantasy Mystery
592,593,My Best Friend's Wedding,"$299,288,605","$127,120,029",42.5%,"$172,168,576",57.5%,1997,My Best Friend's Wedding,"$38,000,000",Comedy Drama Romance
593,594,Real Steel,"$299,268,508","$85,468,508",28.6%,"$213,800,000",71.4%,2011,Real Steel,,Action Drama Sci-Fi Sport
594,595,Horton Hears a Who!,"$298,572,799","$154,529,439",51.8%,"$144,043,360",48.2%,2008,Horton Hears a Who!,"$85,000,000",Adventure Animation Comedy Drama Family Fantasy Music
595,596,Ocean's Eight,"$297,795,726","$140,295,726",47.1%,"$157,500,000",52.9%,2018,Ocean's Eight,"$70,000,000",Action Comedy Crime
596,597,A Quiet Place Part II,"$297,372,261","$160,072,261",53.8%,"$137,300,000",46.2%,2021,A Quiet Place Part II,,Drama Horror Sci-Fi Thriller
597,598,Insurgent,"$297,002,527","$130,179,072",43.8%,"$166,823,455",56.2%,2015,Insurgent,"$110,000,000",Action Adventure Sci-Fi Thriller
598,599,Look Who's Talking,"$296,999,813","$140,088,813",47.2%,"$156,911,000",52.8%,1989,Look Who's Talking,,Comedy
599,600,Austin Powers in Goldmember,"$296,939,148","$213,307,889",71.8%,"$83,631,259",28.2%,2002,Austin Powers in Goldmember,"$63,000,000",Action Adventure Comedy Crime
